id,resource_id,ts,weight,age,base ingredient,cuisine,dietgoal,dietpref,educationlvl,gender,hunger,activity,Householdsize,meal cooking time,meal difficulty,meal kcal,meal price,meal type,meal Spicyness,rating,meal choice
1,rand6974,2020-12-16T10:07:41.802,76-85,26-35,Potatoes,Dutch,Maintain Weight,No preference,WO,Male,very hungry,average activity,1,30,3,820,$,pasta,1,1,Pasta Carbonara
2,rand3045,2020-12-16T10:08:04.651,76-85,26-35,Potatoes,Dutch,Maintain Weight,No preference,WO,Male,average hunger,average activity,1,20,2,680,$$,meat,2,1,Buttery herb chicken
3,rand1067,2020-12-16T10:08:38.200,76-85,26-35,Potatoes,Dutch,Maintain Weight,No preference,WO,Male,very hungry,average activity,1,70,5,940,$$$,meat,2,1,Southwest Beef & Rice Skillet
4,rand12739,2020-12-16T10:09:34.400,76-85,26-35,Potatoes,Dutch,Maintain Weight,No preference,WO,Male,very hungry,average activity,1,25,3,690,$$,meat,1,1,Quick Pork Ragu with Ravioli
5,rand12298,2020-12-16T10:10:03.403,76-85,26-35,Potatoes,Dutch,Maintain Weight,No preference,WO,Male,very hungry,average activity,1,50,4,560,$,potato,1,1,Potato Apple Roast
6,rand15602,2020-12-16T10:10:17.801,76-85,26-35,Potatoes,Dutch,Maintain Weight,No preference,WO,Male,very hungry,average activity,1,45,2,740,$,potato,3,1,Potato Curry
7,rand14084,2020-12-16T10:10:35.602,76-85,26-35,Potatoes,Dutch,Maintain Weight,No preference,WO,Male,very hungry,average activity,1,100,5,930,$$$,potato,1,1,Shepherds Pie
8,rand11858,2020-12-16T10:10:45.558,76-85,26-35,Potatoes,Dutch,Maintain Weight,No preference,WO,Male,very hungry,average activity,1,45,1,750,$,potato,1,1,Boerenkool Stamppot
9,rand9943,2020-12-16T10:11:01.958,76-85,26-35,Potatoes,Dutch,Maintain Weight,No preference,WO,Male,very hungry,average activity,1,100,5,930,$$$,potato,1,1,Shepherds Pie
10,rand5672,2020-12-16T10:11:10.760,76-85,26-35,Potatoes,Dutch,Maintain Weight,No preference,WO,Male,very hungry,average activity,1,45,1,750,$,potato,1,1,Boerenkool Stamppot
11,rand13761,2020-12-16T10:11:25.609,76-85,26-35,Potatoes,Dutch,Maintain Weight,No preference,WO,Male,very hungry,average activity,1,15,2,540,$$,meat,1,1,Tostadas
12,rand1801,2020-12-16T10:11:38.208,76-85,26-35,Potatoes,Dutch,Maintain Weight,No preference,WO,Male,very hungry,average activity,1,30,3,575,$$$,pasta,1,1,Cashew Chicken with Noodles
13,rand16243,2020-12-16T10:12:45.768,76-85,26-35,Rice,Asian,Lose Weight,No preference,WO,Male,average hunger,little activity,1,20,1,680,$,vegetarian,1,1,Pesto tomato penne
14,rand16649,2020-12-16T10:13:03.019,76-85,26-35,Rice,Asian,Lose Weight,No preference,WO,Male,average hunger,little activity,1,15,3,700,$$,meat,3,1,Asian chicken green bean noodles
15,rand12895,2020-12-16T10:13:38.367,76-85,26-35,Rice,Asian,Lose Weight,No preference,WO,Male,average hunger,little activity,1,25,4,360,$,vegetarian,1,1,Italian Fagoli Vegetable Soup
16,rand18094,2020-12-16T10:34:04.131,76-85,26-35,Rice,Asian,Lose Weight,No preference,WO,Male,average hunger,little activity,1,5,2,670,$,vegetarian,1,1,Greek salad
17,rand8851,2020-12-16T10:35:36.782,76-85,26-35,Rice,Asian,Lose Weight,No preference,WO,Male,average hunger,little activity,1,5,1,640,$$,meat,1,1,Chicken Ceasar salad
18,rand7589,2020-12-16T10:35:55.731,76-85,26-35,Rice,Asian,Lose Weight,No preference,WO,Male,average hunger,little activity,1,50,2,640,$$,meat,2,1,Pork and Veggie Stir Fry
19,rand15575,2020-12-16T10:36:15.632,76-85,26-35,Lettuce,Asian,Lose Weight,No preference,WO,Male,little hunger,little activity,1,10,2,590,$$,vegetarian,1,1,Cherry tomato avocado salad
20,rand2742,2020-12-16T10:36:34.584,76-85,26-35,Lettuce,Asian,Lose Weight,No preference,WO,Male,little hunger,little activity,1,10,2,590,$$,vegetarian,1,1,Cherry tomato avocado salad
21,rand10029,2020-12-16T10:36:50.685,76-85,26-35,Rice,Asian,Lose Weight,No preference,WO,Male,average hunger,little activity,1,20,1,680,$,vegetarian,1,1,Pesto tomato penne
22,rand10029,2020-12-16T10:37:19.083,76-85,26-35,Rice,Asian,Lose Weight,No preference,WO,Male,average hunger,little activity,1,50,4,660,$$,meat,1,1,Pork Chops with Bloody Mary Tomato Salad
23,rand19511,2020-12-16T10:37:50.785,76-85,26-35,Rice,Asian,Lose Weight,No preference,WO,Male,average hunger,little activity,1,25,1,460,$,vegetarian,1,1,Lentil Soup
24,rand8553,2020-12-16T10:38:22.835,76-85,26-35,Rice,Asian,Lose Weight,No preference,WO,Male,average hunger,little activity,1,30,2,660,$$,rice,2,1,Stuffed Bell pepper
25,rand4885,2020-12-16T10:38:32.184,76-85,26-35,Rice,Asian,Lose Weight,No preference,WO,Male,average hunger,little activity,1,15,3,700,$$,meat,3,1,Asian chicken green bean noodles
26,rand10049,2020-12-16T10:40:28.887,66-75,26-35,Rice,Asian,Maintain Weight,Vegetarian,HBO,Female,average hunger,average activity,2,25,4,360,$,vegetarian,1,1,Italian Fagoli Vegetable Soup
27,rand6404,2020-12-16T10:40:46.337,66-75,26-35,Rice,Asian,Maintain Weight,Vegetarian,HBO,Female,average hunger,average activity,2,35,4,540,$$,vegetarian,1,1,Balsamic Dijon Root Vegetables
28,rand14321,2020-12-16T10:41:04.538,66-75,26-35,Rice,Asian,Maintain Weight,Vegetarian,HBO,Female,average hunger,average activity,2,20,1,730,$$$,pasta,1,1,Pasta with salmon and dill
29,rand9027,2020-12-16T10:41:17.438,66-75,26-35,Rice,Asian,Maintain Weight,Vegetarian,HBO,Female,average hunger,average activity,2,20,1,680,$,vegetarian,1,1,Pesto tomato penne
30,rand15568,2020-12-16T10:41:36.988,66-75,26-35,Rice,Asian,Maintain Weight,Vegetarian,HBO,Female,little hunger,average activity,2,35,4,540,$$,vegetarian,1,1,Balsamic Dijon Root Vegetables
31,rand7371,2020-12-16T10:41:50.238,66-75,26-35,Rice,Asian,Maintain Weight,Vegetarian,HBO,Female,little hunger,average activity,2,40,1,640,$$,vegetarian,1,1,Chickpea Broccoli Pesto
32,rand5060,2020-12-16T10:42:06.655,66-75,26-35,Rice,Asian,Maintain Weight,Vegetarian,HBO,Female,little hunger,average activity,2,5,2,670,$,vegetarian,1,1,Greek salad
33,rand15991,2020-12-16T10:42:20.407,66-75,26-35,Rice,Asian,Maintain Weight,Vegetarian,HBO,Female,little hunger,average activity,2,40,1,640,$$,vegetarian,1,1,Chickpea Broccoli Pesto
34,rand13362,2020-12-16T10:42:34.357,66-75,26-35,Rice,Asian,Maintain Weight,Vegetarian,HBO,Female,average hunger,average activity,2,60,3,590,$$$,meat,1,1,Soy Mustard Salmon
35,rand4299,2020-12-16T10:42:43.707,66-75,26-35,Lettuce,Asian,Maintain Weight,Vegetarian,HBO,Female,little hunger,average activity,2,10,2,590,$$,vegetarian,1,1,Cherry tomato avocado salad
36,rand3411,2020-12-16T10:42:58.865,66-75,26-35,Rice,Asian,Maintain Weight,Vegetarian,HBO,Female,average hunger,average activity,2,35,4,590,$$$,rice,1,1,Salmon Sushi roll
37,rand1964,2020-12-16T10:43:13.913,66-75,26-35,Rice,Asian,Maintain Weight,Vegetarian,HBO,Female,average hunger,average activity,2,20,2,810,$,vegetarian,1,1,Hearty Pancakes
38,rand9949,2020-12-16T10:43:24.712,66-75,26-35,Rice,Asian,Maintain Weight,Vegetarian,HBO,Female,average hunger,average activity,2,20,2,720,$,vegetarian,1,1,Pasta Salad
39,rand9063,2020-12-16T10:43:45.665,66-75,26-35,Lettuce,Asian,Maintain Weight,Vegetarian,HBO,Female,little hunger,average activity,2,10,2,590,$$,vegetarian,1,1,Cherry tomato avocado salad
40,rand9986,2020-12-16T10:45:07.013,76-85,18-25,Chicken,Dutch,Maintain Weight,No preference,High School,Male,average hunger,average activity,1,30,3,820,$,pasta,1,1,Pasta Carbonara
41,rand19379,2020-12-16T10:45:29.767,76-85,18-25,Chicken,Dutch,Maintain Weight,No preference,High School,Male,average hunger,average activity,1,20,1,580,$,vegetarian,1,1,"White beans, tomatoes, and spinach"
42,rand8030,2020-12-16T10:45:44.768,76-85,18-25,Chicken,Dutch,Maintain Weight,No preference,High School,Male,very hungry,average activity,1,25,1,680,$$,potato,1,1,Baked Cheddag Eggs & Potatoes
43,rand12100,2020-12-16T10:45:56.067,76-85,18-25,Chicken,Dutch,Maintain Weight,No preference,High School,Male,average hunger,average activity,1,25,2,800,$,meat,3,1,Beef burritos
44,rand17370,2020-12-16T10:46:17.468,76-85,18-25,Chicken,Dutch,Maintain Weight,No preference,High School,Male,very hungry,average activity,1,30,1,810,$,potato,1,1,Baked potato with bacon
45,rand7068,2020-12-16T10:46:31.468,76-85,18-25,Chicken,Dutch,Maintain Weight,No preference,High School,Male,average hunger,average activity,1,40,1,730,$$,potato,1,1,One Pot Chicken & Potatoes
46,rand13933,2020-12-16T10:46:59.766,76-85,18-25,Chicken,Dutch,Maintain Weight,No preference,High School,Male,average hunger,average activity,1,90,5,680,$$$,meat,3,1,Jamaican Jerk Chicken
47,rand8477,2020-12-16T10:47:11.818,76-85,18-25,Chicken,Dutch,Maintain Weight,No preference,High School,Male,average hunger,average activity,1,90,5,680,$$$,meat,3,1,Jamaican Jerk Chicken
48,rand6921,2020-12-16T10:47:29.720,76-85,18-25,Chicken,Dutch,Maintain Weight,No preference,High School,Male,average hunger,average activity,1,50,2,640,$$,meat,2,1,Pork and Veggie Stir Fry
49,rand18394,2020-12-16T10:47:45.308,76-85,18-25,Chicken,Dutch,Maintain Weight,No preference,High School,Male,average hunger,average activity,1,70,5,940,$$$,meat,2,1,Southwest Beef & Rice Skillet
50,rand13452,2020-12-16T10:47:54.656,76-85,18-25,Chicken,Dutch,Maintain Weight,No preference,High School,Male,very hungry,average activity,1,30,1,810,$,potato,1,1,Baked potato with bacon
51,rand13452,2020-12-16T10:48:48.260,76-85,46-55,Chicken,Dutch,Maintain Weight,No preference,High School,Male,very hungry,average activity,4,30,1,810,$,potato,1,1,Baked potato with bacon
52,rand13452,2020-12-16T10:48:54.669,76-85,46-55,Potatoes,Dutch,Maintain Weight,No preference,High School,Male,very hungry,average activity,4,30,1,810,$,potato,1,1,Baked potato with bacon
53,rand15315,2020-12-16T10:49:19.343,76-85,46-55,Potatoes,Dutch,Maintain Weight,No preference,High School,Male,very hungry,average activity,4,75,3,740,$$,meat,1,1,Swedish Meatballs
54,rand12160,2020-12-16T10:49:26.297,76-85,46-55,Potatoes,Dutch,Maintain Weight,No preference,High School,Male,average hunger,average activity,4,45,2,830,$$,meat,1,1,Porkchop with mashed potato and gravy
55,rand19244,2020-12-16T10:49:34.248,76-85,46-55,Potatoes,Dutch,Maintain Weight,No preference,High School,Male,average hunger,average activity,4,45,2,830,$$,meat,1,1,Porkchop with mashed potato and gravy
56,rand16946,2020-12-16T10:49:59.844,76-85,46-55,Potatoes,Dutch,Maintain Weight,No preference,High School,Male,very hungry,average activity,4,70,5,940,$$$,meat,2,1,Southwest Beef & Rice Skillet
57,rand12532,2020-12-16T10:50:09.395,76-85,46-55,Potatoes,Dutch,Maintain Weight,No preference,High School,Male,very hungry,average activity,4,30,1,600,$$,meat,2,1,Best Baked Chicken Legs
58,rand14070,2020-12-16T10:50:22.996,76-85,46-55,Potatoes,Dutch,Maintain Weight,No preference,High School,Male,very hungry,average activity,4,40,1,730,$$,potato,1,1,One Pot Chicken & Potatoes
59,rand8400,2020-12-16T10:50:40.596,76-85,46-55,Potatoes,Dutch,Maintain Weight,No preference,High School,Male,very hungry,average activity,4,25,1,680,$$,potato,1,1,Baked Cheddag Eggs & Potatoes
60,rand17557,2020-12-16T10:50:47.745,76-85,46-55,Potatoes,Dutch,Maintain Weight,No preference,High School,Male,very hungry,average activity,4,30,1,810,$,potato,1,1,Baked potato with bacon
61,rand15116,2020-12-16T10:50:55.946,76-85,46-55,Potatoes,Dutch,Maintain Weight,No preference,High School,Male,average hunger,average activity,4,45,2,830,$$,meat,1,1,Porkchop with mashed potato and gravy
62,rand11491,2020-12-16T10:51:03.646,76-85,46-55,Potatoes,Dutch,Maintain Weight,No preference,High School,Male,very hungry,average activity,4,30,1,810,$,potato,1,1,Baked potato with bacon
63,rand16717,2020-12-16T10:51:12.147,76-85,46-55,Potatoes,Dutch,Maintain Weight,No preference,High School,Male,very hungry,average activity,4,45,2,830,$$,meat,1,1,Porkchop with mashed potato and gravy
64,rand5538,2020-12-16T10:51:20.846,76-85,46-55,Potatoes,Dutch,Maintain Weight,No preference,High School,Male,very hungry,average activity,4,60,4,645,$$,pasta,2,1,Lasagna
65,rand19856,2020-12-16T10:51:33.197,76-85,46-55,Potatoes,Dutch,Maintain Weight,No preference,High School,Male,very hungry,average activity,4,20,1,580,$,vegetarian,1,1,"White beans, tomatoes, and spinach"
66,rand8713,2020-12-16T10:52:24.397,55-65,26-35,Noodles,Italian,Gain Weight,No preference,WO,Female,very hungry,highly active,2,20,1,680,$,vegetarian,1,1,Pesto tomato penne
67,rand1718,2020-12-16T10:52:46.998,55-65,26-35,Noodles,Italian,Gain Weight,No preference,WO,Female,very hungry,highly active,2,30,2,790,$,meat,1,1,Homemade Chicken nuggets
68,rand8704,2020-12-16T10:53:03.700,55-65,26-35,Noodles,Italian,Gain Weight,No preference,WO,Female,very hungry,highly active,2,30,2,790,$,meat,1,1,Homemade Chicken nuggets
69,rand11458,2020-12-16T10:53:11.751,55-65,26-35,Noodles,Italian,Gain Weight,No preference,WO,Female,very hungry,highly active,2,30,3,575,$$$,pasta,1,1,Cashew Chicken with Noodles
70,rand10491,2020-12-16T10:53:20.351,55-65,26-35,Noodles,Italian,Gain Weight,No preference,WO,Female,very hungry,highly active,2,15,2,540,$$,meat,1,1,Tostadas
71,rand14352,2020-12-16T10:53:35.053,55-65,26-35,Noodles,Italian,Gain Weight,No preference,WO,Female,very hungry,highly active,2,25,3,690,$$,meat,1,1,Quick Pork Ragu with Ravioli
72,rand12185,2020-12-16T10:53:43.504,55-65,26-35,Noodles,Italian,Gain Weight,No preference,WO,Female,very hungry,highly active,2,25,2,720,$,pasta,1,1,Ravioli with Snap Peas
73,rand7115,2020-12-16T10:53:57.354,55-65,26-35,Noodles,Italian,Gain Weight,No preference,WO,Female,very hungry,highly active,2,45,3,710,$$,rice,3,1,Thai Chicken
74,rand11439,2020-12-16T10:54:09.205,55-65,26-35,Noodles,Italian,Gain Weight,No preference,WO,Female,very hungry,highly active,2,30,3,575,$$$,pasta,1,1,Cashew Chicken with Noodles
75,rand9559,2020-12-16T10:54:15.303,55-65,26-35,Noodles,Italian,Gain Weight,No preference,WO,Female,very hungry,highly active,2,25,4,360,$,vegetarian,1,1,Italian Fagoli Vegetable Soup
76,rand4266,2020-12-16T10:54:27.103,55-65,26-35,Noodles,Italian,Gain Weight,No preference,WO,Female,little hunger,highly active,2,20,2,720,$,vegetarian,1,1,Pasta Salad
77,rand9189,2020-12-16T10:54:40.840,55-65,26-35,Noodles,Italian,Gain Weight,No preference,WO,Female,little hunger,highly active,2,20,2,720,$,vegetarian,1,1,Pasta Salad
78,rand6259,2020-12-16T10:54:48.398,55-65,26-35,Noodles,Italian,Gain Weight,No preference,WO,Female,very hungry,highly active,2,30,3,575,$$$,pasta,1,1,Cashew Chicken with Noodles
79,rand16409,2020-12-16T10:56:28.044,86-95,26-35,Rice,Dutch,No preference,No preference,High School,Male,average hunger,average activity,2,30,1,600,$$,meat,2,1,Best Baked Chicken Legs
80,rand7904,2020-12-16T10:56:42.743,86-95,26-35,Rice,Dutch,No preference,No preference,High School,Male,average hunger,average activity,2,15,2,760,$$,rice,2,1,Rice noodles with meatballs and bok choy
81,rand4302,2020-12-16T10:57:05.146,86-95,26-35,Rice,Dutch,No preference,No preference,High School,Male,average hunger,average activity,2,25,2,680,$$,meat,1,1,Honey Lime Chicken
82,rand1924,2020-12-16T10:57:12.993,86-95,26-35,Rice,Dutch,No preference,No preference,High School,Male,average hunger,average activity,2,45,1,750,$,potato,1,1,Boerenkool Stamppot
83,rand9737,2020-12-16T10:57:33.293,86-95,26-35,Rice,Dutch,No preference,No preference,High School,Male,little hunger,average activity,2,40,1,640,$$,vegetarian,1,1,Chickpea Broccoli Pesto
84,rand17366,2020-12-16T10:57:40.901,86-95,26-35,Rice,Dutch,No preference,No preference,High School,Male,average hunger,average activity,2,30,1,600,$$,meat,2,1,Best Baked Chicken Legs
85,rand7946,2020-12-16T10:57:50.249,86-95,26-35,Chicken,Dutch,No preference,No preference,High School,Male,average hunger,average activity,2,20,2,680,$$,meat,2,1,Buttery herb chicken
86,rand9289,2020-12-16T10:57:59.500,86-95,26-35,Chicken,Dutch,No preference,No preference,High School,Male,average hunger,average activity,2,15,3,700,$$,meat,3,1,Asian chicken green bean noodles
87,rand19672,2020-12-16T10:58:12.002,86-95,26-35,Chicken,Dutch,No preference,No preference,High School,Male,average hunger,average activity,2,25,3,690,$$,meat,1,1,Quick Pork Ragu with Ravioli
88,rand19653,2020-12-16T10:58:23.750,86-95,26-35,Chicken,Dutch,No preference,No preference,High School,Male,average hunger,average activity,2,30,2,790,$,meat,1,1,Homemade Chicken nuggets
89,rand19653,2020-12-16T10:58:42.804,86-95,26-35,Chicken,Dutch,No preference,No preference,High School,Male,average hunger,average activity,2,25,2,590,$,pasta,1,1,Spaghetti
90,rand2775,2020-12-16T11:00:12.701,55-65,18-25,Rice,Dutch,No preference,No preference,HBO,Female,average hunger,average activity,2,15,2,540,$$,meat,1,1,Tostadas
91,rand5075,2020-12-16T11:00:23.552,55-65,18-25,Rice,Dutch,No preference,No preference,HBO,Female,average hunger,average activity,2,30,2,820,$,rice,1,1,Fried Rice
92,rand11355,2020-12-16T11:00:33.355,55-65,18-25,Rice,Dutch,No preference,No preference,HBO,Female,average hunger,average activity,2,20,2,810,$,vegetarian,1,1,Hearty Pancakes
93,rand1696,2020-12-16T11:00:44.101,55-65,18-25,Rice,Dutch,No preference,No preference,HBO,Female,average hunger,average activity,2,15,2,540,$$,meat,1,1,Tostadas
94,rand16463,2020-12-16T11:00:58.772,55-65,18-25,Rice,Dutch,No preference,No preference,HBO,Female,average hunger,average activity,2,50,4,660,$$,meat,1,1,Pork Chops with Bloody Mary Tomato Salad
95,rand1138,2020-12-16T11:01:12.127,55-65,18-25,Rice,Dutch,No preference,No preference,HBO,Female,average hunger,average activity,2,25,2,680,$$,meat,1,1,Honey Lime Chicken
96,rand8504,2020-12-16T11:01:21.277,55-65,18-25,Rice,Dutch,No preference,No preference,HBO,Female,average hunger,average activity,2,70,5,940,$$$,meat,2,1,Southwest Beef & Rice Skillet
97,rand5223,2020-12-16T11:01:30.323,55-65,18-25,Rice,Dutch,No preference,No preference,HBO,Female,average hunger,average activity,2,40,1,730,$$,potato,1,1,One Pot Chicken & Potatoes
98,rand2347,2020-12-16T11:01:40.724,55-65,18-25,Rice,Dutch,No preference,No preference,HBO,Female,average hunger,average activity,2,25,2,590,$,pasta,1,1,Spaghetti
99,rand4463,2020-12-16T11:01:59.636,55-65,18-25,Rice,Dutch,No preference,No preference,HBO,Female,little hunger,average activity,2,20,2,810,$,vegetarian,1,1,Hearty Pancakes
100,rand13433,2020-12-16T11:02:10.779,55-65,18-25,Rice,Dutch,No preference,No preference,HBO,Female,very hungry,average activity,2,60,4,645,$$,pasta,2,1,Lasagna
101,rand13828,2020-12-16T11:02:40.979,55-65,18-25,No preference,Italian,No preference,No preference,HBO,Female,average hunger,average activity,2,30,2,820,$,rice,1,1,Fried Rice
102,rand2171,2020-12-16T11:02:55.794,55-65,18-25,No preference,Italian,No preference,No preference,HBO,Female,little hunger,average activity,2,45,2,830,$$,meat,1,1,Porkchop with mashed potato and gravy
103,rand12428,2020-12-16T11:03:04.777,55-65,18-25,No preference,Italian,No preference,No preference,HBO,Female,little hunger,average activity,2,20,2,810,$,vegetarian,1,1,Hearty Pancakes
104,rand17344,2020-12-16T11:03:10.877,55-65,18-25,No preference,Italian,No preference,No preference,HBO,Female,very hungry,average activity,2,25,2,720,$,pasta,1,1,Ravioli with Snap Peas
105,rand16275,2020-12-16T11:03:23.680,55-65,18-25,No preference,Italian,No preference,No preference,HBO,Female,little hunger,average activity,2,25,4,360,$,vegetarian,1,1,Italian Fagoli Vegetable Soup
106,rand7204,2020-12-16T11:03:37.780,55-65,18-25,No preference,Italian,No preference,No preference,HBO,Female,little hunger,average activity,2,25,2,800,$,meat,3,1,Beef burritos
107,rand17107,2020-12-16T17:14:06.648,66-75,18-25,Chicken,Indian,Lose Weight,No preference,WO,Male,average hunger,little activity,1,45,3,710,$$,rice,3,5,Thai Chicken
108,rand5762,2020-12-16T17:14:40.648,66-75,36-45,Chicken,Indian,Lose Weight,No preference,WO,Male,average hunger,little activity,1,45,3,710,$$,rice,3,5,Thai Chicken
109,rand6216,2020-12-16T17:15:57.536,55-65,26-35,Chicken,Dutch,Maintain Weight,No preference,WO,Female,average hunger,average activity,1,30,2,790,$,meat,1,3,Homemade Chicken nuggets
110,rand3086,2020-12-16T17:16:23.737,55-65,18-25,Chicken,Dutch,Maintain Weight,No preference,WO,Female,average hunger,average activity,1,40,1,730,$$,potato,1,5,One Pot Chicken & Potatoes
111,rand11289,2020-12-16T17:17:13.091,86-95,66-75,Lettuce,Dutch,Lose Weight,Vegan,HBO,Female,average hunger,little activity,1,50,2,640,$$,meat,2,1,Pork and Veggie Stir Fry
112,rand10514,2020-12-16T17:17:28.145,86-95,66-75,Lettuce,Dutch,Lose Weight,Vegan,HBO,Female,little hunger,little activity,1,35,4,590,$$$,rice,1,1,Salmon Sushi roll
113,rand10514,2020-12-16T17:17:35.689,86-95,66-75,Lettuce,Dutch,Lose Weight,Vegan,HBO,Female,little hunger,little activity,1,25,1,460,$,vegetarian,1,1,Lentil Soup
114,rand10514,2020-12-16T17:17:44.390,86-95,66-75,Lettuce,Dutch,Lose Weight,Vegan,HBO,Female,little hunger,little activity,1,25,1,460,$,vegetarian,1,5,Lentil Soup
115,rand11964,2020-12-16T17:18:32.455,86-95,66-75,Lettuce,Dutch,Lose Weight,Vegan,WO,Male,little hunger,little activity,1,25,1,460,$,vegetarian,1,5,Lentil Soup
116,rand8817,2020-12-16T17:19:01.064,86-95,66-75,Lettuce,Dutch,Lose Weight,Vegetarian,WO,Male,very hungry,little activity,1,100,5,930,$$$,potato,1,1,Shepherds Pie
117,rand9815,2020-12-16T17:19:38.271,86-95,36-45,Noodles,Asian,Maintain Weight,Vegetarian,WO,Male,very hungry,average activity,1,30,5,710,$$$,pasta,2,3,Pasta Puttanesca
118,rand2948,2020-12-16T17:21:24.074,76-85,36-45,Noodles,Asian,Maintain Weight,Vegetarian,WO,Male,very hungry,average activity,1,30,5,710,$$$,pasta,2,4,Pasta Puttanesca
119,rand11541,2020-12-16T17:21:51.279,76-85,18-25,Chicken,Asian,Maintain Weight,No preference,WO,Male,very hungry,average activity,1,25,1,680,$$,potato,1,2,Baked Cheddag Eggs & Potatoes
120,rand16350,2020-12-16T17:22:07.387,76-85,18-25,Chicken,Asian,Maintain Weight,No preference,WO,Male,average hunger,average activity,1,25,2,680,$$,meat,1,5,Honey Lime Chicken
121,rand1467,2020-12-16T17:23:30.195,66-75,18-25,Chicken,Asian,Gain Weight,No preference,HBO,Male,average hunger,highly active,1,30,1,600,$$,meat,2,4,Best Baked Chicken Legs
122,rand4268,2020-12-16T17:23:49.596,66-75,18-25,Chicken,Asian,Gain Weight,No preference,WO,Male,average hunger,highly active,3,30,1,600,$$,meat,2,4,Best Baked Chicken Legs
123,rand7762,2020-12-16T17:24:07.046,66-75,18-25,Chicken,Asian,Gain Weight,No preference,WO,Male,average hunger,highly active,4,5,1,640,$$,meat,1,3,Chicken Ceasar salad
124,rand9957,2020-12-16T17:24:32.666,66-75,18-25,Chicken,Asian,Gain Weight,No preference,WO,Male,average hunger,highly active,5,30,1,600,$$,meat,2,4,Best Baked Chicken Legs
125,rand8157,2020-12-16T17:25:12.367,66-75,18-25,Chicken,Asian,Gain Weight,No preference,High School,Male,average hunger,highly active,3,60,5,830,$$$,meat,2,2,Pork Chops with Bok Choy and Coconut Rice
126,rand6060,2020-12-16T17:25:26.029,66-75,18-25,Chicken,Asian,Gain Weight,No preference,High School,Male,average hunger,highly active,3,25,2,800,$,meat,3,3,Beef burritos
127,rand6060,2020-12-16T17:25:33.282,66-75,18-25,Chicken,Asian,Gain Weight,No preference,High School,Male,average hunger,highly active,3,90,5,680,$$$,meat,3,3,Jamaican Jerk Chicken
128,rand6060,2020-12-16T17:25:35.680,66-75,18-25,Chicken,Asian,Gain Weight,No preference,High School,Male,average hunger,highly active,3,90,5,680,$$$,meat,3,4,Jamaican Jerk Chicken
129,rand15633,2020-12-16T17:25:48.171,66-75,66-75,Chicken,Asian,Gain Weight,No preference,High School,Male,average hunger,highly active,3,20,1,580,$,vegetarian,1,1,"White beans, tomatoes, and spinach"
130,rand9757,2020-12-16T17:26:18.778,66-75,66-75,Noodles,Indian,Maintain Weight,Meat,MBO,Female,very hungry,average activity,1,50,4,660,$$,meat,1,4,Pork Chops with Bloody Mary Tomato Salad
131,rand8107,2020-12-16T17:26:37.184,66-75,66-75,Noodles,Indian,Maintain Weight,Meat,MBO,Female,very hungry,average activity,1,25,3,690,$$,meat,1,5,Quick Pork Ragu with Ravioli
132,rand8107,2020-12-16T17:29:16.887,66-75,66-75,Noodles,Indian,Maintain Weight,Meat,HBO,Female,very hungry,average activity,1,25,3,690,$$,meat,1,5,Quick Pork Ragu with Ravioli
133,rand8107,2020-12-16T17:29:26.336,66-75,66-75,Noodles,Indian,Maintain Weight,Meat,HBO,Female,very hungry,average activity,1,25,3,690,$$,meat,1,4,Quick Pork Ragu with Ravioli
134,rand9504,2020-12-16T17:29:44.300,66-75,66-75,Chicken,Indian,Maintain Weight,Meat,HBO,Male,average hunger,average activity,1,30,1,810,$,potato,1,3,Baked potato with bacon
135,rand17900,2020-12-16T17:30:27.618,66-75,66-75,Potatoes,No preference,Maintain Weight,No preference,HBO,Male,very hungry,average activity,1,40,1,730,$$,potato,1,5,One Pot Chicken & Potatoes
136,rand16253,2020-12-16T17:47:59.512,55-65,18-25,Potatoes,No preference,Maintain Weight,No preference,HBO,Female,very hungry,average activity,1,45,2,830,$$,meat,1,5,Porkchop with mashed potato and gravy
137,rand1351,2020-12-16T17:48:15.465,55-65,26-35,Potatoes,No preference,Maintain Weight,No preference,HBO,Female,little hunger,average activity,1,20,2,720,$,vegetarian,1,2,Pasta Salad
138,rand9722,2020-12-16T17:48:30.815,55-65,26-35,Potatoes,No preference,Maintain Weight,No preference,HBO,Female,very hungry,average activity,1,15,3,700,$$,meat,3,2,Asian chicken green bean noodles
139,rand14643,2020-12-16T17:48:40.563,55-65,26-35,Potatoes,No preference,Maintain Weight,No preference,HBO,Female,very hungry,average activity,1,35,4,590,$$$,rice,1,2,Salmon Sushi roll
140,rand3124,2020-12-16T17:48:51.966,55-65,26-35,Potatoes,No preference,Maintain Weight,No preference,HBO,Female,very hungry,average activity,1,45,1,750,$,potato,1,4,Boerenkool Stamppot
141,rand1927,2020-12-16T17:49:19.028,55-65,26-35,No preference,No preference,Maintain Weight,Meat,HBO,Female,little hunger,average activity,3,40,1,730,$$,potato,1,5,One Pot Chicken & Potatoes
142,rand12179,2020-12-16T17:49:47.019,55-65,26-35,No preference,No preference,Gain Weight,Meat,MBO,Male,little hunger,highly active,1,15,2,760,$$,rice,2,5,Rice noodles with meatballs and bok choy
143,rand19321,2020-12-16T18:08:43.715,55-65,26-35,Rice,No preference,Gain Weight,Meat,MBO,Male,average hunger,highly active,1,30,2,820,$,rice,1,5,Fried Rice
144,rand4134,2020-12-16T18:09:07.463,55-65,26-35,Rice,No preference,Maintain Weight,No preference,MBO,Female,average hunger,average activity,1,35,4,590,$$$,rice,1,5,Salmon Sushi roll
145,rand8965,2020-12-16T18:09:14.813,55-65,26-35,Rice,No preference,Maintain Weight,No preference,MBO,Female,average hunger,average activity,1,30,2,820,$,rice,1,5,Fried Rice
146,rand9498,2020-12-16T18:09:25.172,55-65,26-35,Rice,No preference,Maintain Weight,No preference,HBO,Female,average hunger,average activity,1,70,5,940,$$$,meat,2,5,Southwest Beef & Rice Skillet
147,rand9992,2020-12-16T18:09:38.122,55-65,26-35,Rice,No preference,Maintain Weight,No preference,WO,Female,average hunger,average activity,1,35,4,590,$$$,rice,1,5,Salmon Sushi roll
148,rand6532,2020-12-16T18:10:02.123,55-65,26-35,Rice,No preference,Maintain Weight,No preference,MBO,Male,average hunger,average activity,1,25,2,800,$,meat,3,3,Beef burritos
149,rand9986,2020-12-16T18:10:05.773,55-65,26-35,Chicken,Dutch,Maintain Weight,No preference,MBO,Male,very hungry,average activity,1,30,3,820,$,pasta,1,1,Pasta Carbonara
150,rand9986,2020-12-16T18:10:06.224,55-65,26-35,Rice,No preference,Maintain Weight,No preference,MBO,Male,very hungry,average activity,1,30,3,820,$,pasta,1,1,Pasta Carbonara
151,rand9986,2020-12-16T18:10:15.124,55-65,26-35,Rice,No preference,Maintain Weight,No preference,MBO,Male,average hunger,average activity,1,45,3,710,$$,rice,3,1,Thai Chicken
152,rand9986,2020-12-16T18:10:17.823,55-65,26-35,Rice,No preference,Maintain Weight,No preference,MBO,Male,average hunger,average activity,1,45,3,710,$$,rice,3,4,Thai Chicken
153,rand1736,2020-12-16T18:10:34.125,55-65,26-35,Rice,Asian,Maintain Weight,No preference,MBO,Male,average hunger,average activity,1,25,3,690,$$,meat,1,3,Quick Pork Ragu with Ravioli
154,rand1736,2020-12-16T18:10:43.426,55-65,26-35,Rice,Asian,Maintain Weight,No preference,MBO,Male,average hunger,average activity,1,25,2,680,$$,meat,1,3,Honey Lime Chicken
155,rand1736,2020-12-16T18:10:45.573,55-65,26-35,Rice,Asian,Maintain Weight,No preference,MBO,Male,average hunger,average activity,1,25,2,680,$$,meat,1,4,Honey Lime Chicken
156,rand13777,2020-12-16T18:11:16.125,55-65,66-75,No preference,No preference,Maintain Weight,Vegan,WO,Male,very hungry,average activity,1,25,2,720,$,pasta,1,5,Ravioli with Snap Peas
157,rand11896,2020-12-16T18:11:36.873,55-65,18-25,No preference,No preference,Maintain Weight,Vegan,WO,Male,little hunger,average activity,1,20,1,580,$,vegetarian,1,5,"White beans, tomatoes, and spinach"
158,rand3553,2020-12-16T18:11:46.076,55-65,18-25,No preference,No preference,Maintain Weight,Vegan,WO,Male,little hunger,average activity,1,25,4,360,$,vegetarian,1,5,Italian Fagoli Vegetable Soup
159,rand18704,2020-12-16T18:11:54.275,55-65,18-25,No preference,No preference,Maintain Weight,Vegan,WO,Male,little hunger,average activity,1,40,3,640,$,vegetarian,1,5,Fennel and Thyme Pork Roast with Root Vegetables
160,rand14849,2020-12-16T18:12:01.224,55-65,18-25,No preference,No preference,Maintain Weight,Vegan,WO,Male,little hunger,average activity,1,20,1,580,$,vegetarian,1,5,"White beans, tomatoes, and spinach"
161,rand9678,2020-12-16T18:12:08.123,55-65,36-45,No preference,No preference,Maintain Weight,Vegan,WO,Male,little hunger,average activity,1,20,1,580,$,vegetarian,1,5,"White beans, tomatoes, and spinach"
162,rand8006,2020-12-16T18:13:43.286,55-65,36-45,No preference,No preference,Maintain Weight,Vegan,WO,Female,little hunger,average activity,1,30,5,710,$$$,pasta,2,3,Pasta Puttanesca
163,rand14405,2020-12-16T18:13:57.685,55-65,36-45,No preference,No preference,Maintain Weight,Vegetarian,WO,Female,very hungry,average activity,1,30,3,820,$,pasta,1,1,Pasta Carbonara
164,rand1557,2020-12-16T18:14:11.188,55-65,36-45,No preference,No preference,Maintain Weight,Vegetarian,WO,Female,little hunger,average activity,1,40,1,640,$$,vegetarian,1,5,Chickpea Broccoli Pesto
165,rand13865,2020-12-16T18:14:21.038,55-65,36-45,No preference,No preference,Maintain Weight,Vegetarian,WO,Female,little hunger,average activity,1,20,1,680,$,vegetarian,1,5,Pesto tomato penne
166,rand9665,2020-12-16T18:14:31.187,55-65,46-55,No preference,No preference,Maintain Weight,Vegetarian,WO,Female,little hunger,average activity,1,25,1,460,$,vegetarian,1,5,Lentil Soup
167,rand9665,2020-12-16T18:14:35.296,55-65,76+,No preference,No preference,Maintain Weight,Vegetarian,WO,Female,little hunger,average activity,1,25,1,460,$,vegetarian,1,5,Lentil Soup
168,rand9665,2020-12-16T18:14:43.442,55-65,76+,No preference,No preference,Maintain Weight,Vegetarian,WO,Female,little hunger,average activity,1,50,4,560,$,potato,1,5,Potato Apple Roast
169,rand14678,2020-12-16T18:14:54.840,55-65,76+,No preference,No preference,Maintain Weight,Vegetarian,WO,Female,very hungry,average activity,1,45,2,740,$,potato,3,5,Potato Curry
170,rand13801,2020-12-16T18:19:26.080,55-65,66-75,No preference,No preference,Maintain Weight,No preference,WO,Female,average hunger,average activity,1,50,2,640,$$,meat,2,5,Pork and Veggie Stir Fry
171,rand13801,2020-12-16T18:19:29.433,55-65,66-75,No preference,No preference,Maintain Weight,Meat,WO,Female,little hunger,average activity,1,50,2,640,$$,meat,2,5,Pork and Veggie Stir Fry
172,rand13801,2020-12-16T18:19:43.786,55-65,66-75,No preference,No preference,Maintain Weight,Meat,WO,Female,little hunger,average activity,1,25,3,690,$$,meat,1,5,Quick Pork Ragu with Ravioli
173,rand16055,2020-12-16T18:20:07.751,76-85,66-75,No preference,No preference,Maintain Weight,Meat,WO,Female,little hunger,average activity,1,25,2,800,$,meat,3,5,Beef burritos
174,rand13414,2020-12-16T18:20:15.149,76-85,66-75,No preference,No preference,Maintain Weight,Meat,WO,Female,little hunger,average activity,1,30,1,810,$,potato,1,5,Baked potato with bacon
175,rand11405,2020-12-16T18:20:25.898,76-85,66-75,No preference,No preference,Maintain Weight,Meat,WO,Female,little hunger,average activity,1,50,4,660,$$,meat,1,4,Pork Chops with Bloody Mary Tomato Salad
176,rand8453,2020-12-16T18:20:32.951,76-85,66-75,No preference,No preference,Maintain Weight,Meat,WO,Female,very hungry,average activity,1,100,5,930,$$$,potato,1,5,Shepherds Pie
177,rand8665,2020-12-16T18:21:26.852,55-65,66-75,Chicken,No preference,Gain Weight,Meat,MBO,Female,little hunger,highly active,1,20,2,720,$,vegetarian,1,2,Pasta Salad
178,rand17629,2020-12-16T18:21:41.606,55-65,66-75,Chicken,No preference,Gain Weight,Meat,MBO,Female,average hunger,highly active,1,45,3,710,$$,rice,3,5,Thai Chicken
179,rand18188,2020-12-16T18:21:58.803,55-65,46-55,Chicken,No preference,Gain Weight,Meat,MBO,Female,average hunger,highly active,1,45,3,710,$$,rice,3,5,Thai Chicken
180,rand19836,2020-12-16T18:22:18.757,55-65,46-55,Potatoes,Dutch,Gain Weight,Meat,MBO,Female,very hungry,highly active,1,45,1,750,$,potato,1,5,Boerenkool Stamppot
181,rand4517,2020-12-16T18:22:44.602,55-65,46-55,Potatoes,Dutch,Gain Weight,Meat,WO,Female,very hungry,highly active,1,45,1,750,$,potato,1,5,Boerenkool Stamppot
182,rand8937,2020-12-16T18:24:20.859,76-85,26-35,Chicken,Asian,Gain Weight,Meat,WO,Male,average hunger,highly active,1,50,4,660,$$,meat,1,3,Pork Chops with Bloody Mary Tomato Salad
183,rand2404,2020-12-16T18:24:31.857,76-85,26-35,Chicken,Asian,Gain Weight,Meat,MBO,Male,average hunger,highly active,1,25,2,680,$$,meat,1,5,Honey Lime Chicken
184,rand11745,2020-12-16T18:25:01.922,76-85,26-35,Chicken,Asian,Gain Weight,Meat,WO,Male,average hunger,highly active,1,25,2,680,$$,meat,1,5,Honey Lime Chicken
185,rand9603,2020-12-16T18:25:13.572,76-85,26-35,Chicken,Asian,Gain Weight,Meat,WO,Male,average hunger,highly active,2,30,2,790,$,meat,1,3,Homemade Chicken nuggets
186,rand3585,2020-12-16T18:25:26.270,76-85,26-35,Rice,Asian,Gain Weight,Meat,WO,Male,average hunger,highly active,3,30,2,820,$,rice,1,3,Fried Rice
187,rand2989,2020-12-16T18:25:36.171,76-85,26-35,Chicken,Asian,Gain Weight,Meat,WO,Male,average hunger,highly active,3,30,1,600,$$,meat,2,5,Best Baked Chicken Legs
188,rand2989,2020-12-16T18:26:39.779,106-115,26-35,Chicken,Asian,Gain Weight,Meat,WO,Male,average hunger,highly active,1,30,1,600,$$,meat,2,5,Best Baked Chicken Legs
189,rand2989,2020-12-16T18:26:43.673,106-115,26-35,Chicken,Asian,Gain Weight,Meat,WO,Male,average hunger,highly active,1,5,1,640,$$,meat,1,5,Chicken Ceasar salad
190,rand2989,2020-12-16T18:26:45.466,106-115,26-35,Chicken,Asian,Gain Weight,Meat,WO,Male,average hunger,highly active,1,5,1,640,$$,meat,1,3,Chicken Ceasar salad
191,rand13235,2020-12-16T18:26:57.447,106-115,26-35,Chicken,Asian,Gain Weight,Meat,WO,Male,average hunger,highly active,1,45,3,620,$$,meat,3,3,Paprika Pork with Roasted Potatoes and Dill Cream
192,rand16611,2020-12-16T18:27:05.902,106-115,26-35,Chicken,Asian,Gain Weight,Meat,WO,Male,average hunger,highly active,1,15,2,760,$$,rice,2,3,Rice noodles with meatballs and bok choy
193,rand7804,2020-12-16T18:27:18.200,106-115,26-35,Chicken,Asian,Gain Weight,Meat,WO,Male,average hunger,highly active,1,60,5,830,$$$,meat,2,4,Pork Chops with Bok Choy and Coconut Rice
194,rand9123,2020-12-16T18:27:27.302,106-115,26-35,Chicken,Asian,Gain Weight,Meat,WO,Male,average hunger,highly active,1,15,3,700,$$,meat,3,5,Asian chicken green bean noodles
195,rand17144,2020-12-16T18:28:51.506,106-115,26-35,No preference,No preference,Lose Weight,No preference,WO,Female,little hunger,little activity,3,45,1,750,$,potato,1,4,Boerenkool Stamppot
196,rand9116,2020-12-16T18:29:03.667,106-115,46-55,No preference,No preference,Lose Weight,No preference,WO,Female,little hunger,little activity,3,30,2,660,$$,rice,2,4,Stuffed Bell pepper
197,rand19356,2020-12-16T18:29:10.415,106-115,46-55,No preference,No preference,Lose Weight,No preference,WO,Female,little hunger,little activity,3,20,2,720,$,vegetarian,1,4,Pasta Salad
198,rand3173,2020-12-16T18:29:21.266,106-115,46-55,No preference,No preference,Lose Weight,No preference,WO,Female,little hunger,little activity,3,45,1,750,$,potato,1,4,Boerenkool Stamppot
199,rand16627,2020-12-16T18:29:49.468,116+,56-65,No preference,No preference,Maintain Weight,No preference,Primary School,Female,little hunger,average activity,5,20,2,810,$,vegetarian,1,4,Hearty Pancakes
200,rand1070,2020-12-16T18:29:56.365,116+,56-65,No preference,No preference,Maintain Weight,No preference,Primary School,Female,average hunger,average activity,5,35,4,590,$$$,rice,1,5,Salmon Sushi roll
201,rand11594,2020-12-16T18:30:11.401,116+,56-65,No preference,No preference,Maintain Weight,No preference,Primary School,Female,little hunger,average activity,5,15,2,760,$$,rice,2,3,Rice noodles with meatballs and bok choy
202,rand11101,2020-12-16T18:30:20.358,116+,56-65,No preference,No preference,Maintain Weight,No preference,Primary School,Female,little hunger,average activity,5,20,2,720,$,vegetarian,1,5,Pasta Salad
203,rand10646,2020-12-16T18:30:28.457,116+,56-65,No preference,No preference,Maintain Weight,No preference,Primary School,Female,little hunger,average activity,5,45,1,750,$,potato,1,4,Boerenkool Stamppot
204,rand19613,2020-12-16T18:30:35.656,116+,56-65,No preference,No preference,Maintain Weight,No preference,Primary School,Female,very hungry,average activity,5,25,1,680,$$,potato,1,4,Baked Cheddag Eggs & Potatoes
205,rand17137,2020-12-16T18:31:13.207,116+,56-65,No preference,No preference,Maintain Weight,No preference,Primary School,Male,little hunger,average activity,2,45,1,750,$,potato,1,3,Boerenkool Stamppot
206,rand6759,2020-12-16T18:31:22.313,116+,56-65,No preference,No preference,Maintain Weight,No preference,Primary School,Male,very hungry,average activity,2,45,2,740,$,potato,3,4,Potato Curry
207,rand6289,2020-12-16T18:31:33.118,116+,56-65,No preference,No preference,Maintain Weight,No preference,Primary School,Male,little hunger,average activity,2,45,2,830,$$,meat,1,5,Porkchop with mashed potato and gravy
208,rand10679,2020-12-16T18:31:44.917,116+,56-65,No preference,No preference,Maintain Weight,No preference,Primary School,Male,average hunger,average activity,2,35,4,590,$$$,rice,1,4,Salmon Sushi roll
209,rand10616,2020-12-16T18:31:54.068,116+,56-65,No preference,No preference,Maintain Weight,No preference,Primary School,Male,little hunger,average activity,2,20,1,730,$$$,pasta,1,3,Pasta with salmon and dill
210,rand7088,2020-12-16T18:32:00.968,116+,56-65,No preference,No preference,Maintain Weight,No preference,Primary School,Male,little hunger,average activity,2,30,1,600,$$,meat,2,5,Best Baked Chicken Legs
211,rand5228,2020-12-16T18:32:26.121,96-105,36-45,No preference,No preference,Maintain Weight,No preference,High School,Male,little hunger,average activity,4,40,1,640,$$,vegetarian,1,3,Chickpea Broccoli Pesto
212,rand18600,2020-12-16T18:32:38.870,96-105,36-45,No preference,No preference,Maintain Weight,No preference,High School,Male,little hunger,average activity,4,30,2,790,$,meat,1,5,Homemade Chicken nuggets
213,rand19474,2020-12-16T18:32:48.324,96-105,36-45,No preference,No preference,Maintain Weight,No preference,High School,Male,little hunger,average activity,4,60,3,620,$,vegetarian,1,2,Lentil Curry
214,rand10457,2020-12-16T18:32:55.342,96-105,36-45,No preference,No preference,Maintain Weight,No preference,High School,Male,very hungry,average activity,4,30,3,820,$,pasta,1,5,Pasta Carbonara
215,rand16321,2020-12-16T18:33:00.990,55-65,18-25,Rice,Asian,Lose Weight,Vegetarian,MBO,Female,average hunger,little activity,1,60,4,640,$$$,rice,2,2,Asian Shredded Beef
216,rand8352,2020-12-16T18:33:01.639,96-105,36-45,No preference,No preference,Maintain Weight,No preference,High School,Male,little hunger,average activity,4,20,1,680,$,vegetarian,1,5,Pesto tomato penne
217,rand16321,2020-12-16T18:33:16.155,55-65,18-25,Rice,Asian,Lose Weight,Vegetarian,MBO,Female,average hunger,little activity,1,90,5,680,$$$,meat,3,2,Jamaican Jerk Chicken
218,rand12988,2020-12-16T18:33:24.688,96-105,56-65,No preference,No preference,Maintain Weight,No preference,None,Female,little hunger,average activity,4,25,3,690,$$,meat,1,2,Quick Pork Ragu with Ravioli
219,rand16321,2020-12-16T18:33:32.511,55-65,18-25,Rice,Asian,Lose Weight,Vegetarian,MBO,Female,average hunger,little activity,1,30,3,575,$$$,pasta,1,2,Cashew Chicken with Noodles
220,rand8275,2020-12-16T18:33:35.440,96-105,56-65,No preference,No preference,Maintain Weight,No preference,None,Female,little hunger,average activity,4,70,5,940,$$$,meat,2,2,Southwest Beef & Rice Skillet
221,rand16321,2020-12-16T18:33:36.318,55-65,18-25,Rice,Asian,Lose Weight,Vegetarian,MBO,Female,average hunger,little activity,1,30,3,575,$$$,pasta,1,3,Cashew Chicken with Noodles
222,rand12497,2020-12-16T18:33:44.292,96-105,56-65,No preference,No preference,Maintain Weight,No preference,None,Female,little hunger,average activity,4,75,3,740,$$,meat,1,1,Swedish Meatballs
223,rand1560,2020-12-16T18:33:50.341,96-105,56-65,No preference,No preference,Maintain Weight,No preference,None,Female,little hunger,average activity,4,25,1,460,$,vegetarian,1,1,Lentil Soup
224,rand15080,2020-12-16T18:33:58.392,96-105,56-65,No preference,No preference,Maintain Weight,No preference,None,Female,little hunger,average activity,4,90,5,680,$$$,meat,3,3,Jamaican Jerk Chicken
225,rand7142,2020-12-16T18:34:32.941,86-95,18-25,No preference,Italian,Maintain Weight,No preference,None,Male,little hunger,average activity,1,20,1,680,$,vegetarian,1,5,Pesto tomato penne
226,rand8313,2020-12-16T18:34:40.391,86-95,18-25,No preference,Italian,Maintain Weight,No preference,None,Male,very hungry,average activity,1,60,4,645,$$,pasta,2,5,Lasagna
227,rand12699,2020-12-16T18:34:47.391,86-95,18-25,No preference,Italian,Maintain Weight,No preference,None,Male,little hunger,average activity,1,20,1,680,$,vegetarian,1,5,Pesto tomato penne
228,rand3694,2020-12-16T18:34:54.645,86-95,18-25,No preference,Italian,Maintain Weight,No preference,None,Male,very hungry,average activity,1,60,4,645,$$,pasta,2,5,Lasagna
229,rand8753,2020-12-16T18:35:02.139,86-95,18-25,No preference,Italian,Maintain Weight,No preference,None,Male,little hunger,average activity,1,25,2,590,$,pasta,1,5,Spaghetti
230,rand2414,2020-12-16T18:36:26.249,55-65,18-25,Potatoes,Dutch,Maintain Weight,Vegan,MBO,No preference,very hungry,average activity,3,30,3,575,$$$,pasta,1,1,Cashew Chicken with Noodles
231,rand2414,2020-12-16T18:36:58.456,66-75,36-45,Potatoes,Dutch,Maintain Weight,Vegan,MBO,Female,very hungry,average activity,2,30,3,575,$$$,pasta,1,1,Cashew Chicken with Noodles
232,rand2414,2020-12-16T18:37:01.027,66-75,36-45,Potatoes,Asian,Maintain Weight,Vegan,MBO,Female,very hungry,average activity,2,30,3,575,$$$,pasta,1,1,Cashew Chicken with Noodles
233,rand2414,2020-12-16T18:37:04.243,66-75,36-45,Potatoes,Asian,Maintain Weight,Vegan,MBO,Female,little hunger,average activity,2,5,2,670,$,vegetarian,1,1,Greek salad
234,rand8204,2020-12-16T18:37:48.080,76-85,26-35,Chicken,Indian,No preference,No preference,None,Female,average hunger,average activity,3,25,3,690,$$,meat,1,3,Quick Pork Ragu with Ravioli
235,rand16914,2020-12-16T18:43:00.396,76-85,36-45,Lettuce,Italian,Maintain Weight,Vegetarian,Primary School,Male,little hunger,average activity,3,20,1,580,$,vegetarian,1,1,"White beans, tomatoes, and spinach"
236,rand11726,2020-12-16T18:43:33.282,66-75,36-45,Potatoes,Indian,Gain Weight,Vegetarian,Primary School,Male,very hungry,highly active,2,30,3,575,$$$,pasta,1,4,Cashew Chicken with Noodles
237,rand10024,2020-12-16T19:40:45.178,66-75,36-45,Chicken,Indian,Lose Weight,Vegetarian,Primary School,Female,average hunger,little activity,2,60,4,640,$$$,rice,2,4,Asian Shredded Beef
238,rand13106,2020-12-16T19:41:36.390,66-75,18-25,Potatoes,Indian,Gain Weight,Meat,High School,Female,very hungry,highly active,1,20,1,580,$,vegetarian,1,5,"White beans, tomatoes, and spinach"
239,rand12017,2020-12-16T19:42:24.465,86-95,18-25,Chicken,Italian,Lose Weight,Meat,High School,Female,average hunger,little activity,3,45,3,710,$$,rice,3,4,Thai Chicken
240,rand8436,2020-12-16T19:42:53.267,55-65,18-25,Lettuce,Italian,Gain Weight,Vegetarian,High School,Female,very hungry,highly active,4,100,5,930,$$$,potato,1,1,Shepherds Pie
241,rand8436,2020-12-16T19:43:12.263,55-65,46-55,Lettuce,Italian,Gain Weight,Vegan,WO,Female,very hungry,highly active,4,100,5,930,$$$,potato,1,1,Shepherds Pie
242,rand8436,2020-12-16T19:43:18.124,55-65,46-55,Lettuce,Italian,Gain Weight,Vegan,WO,Female,average hunger,highly active,4,35,4,590,$$$,rice,1,1,Salmon Sushi roll
243,rand8436,2020-12-16T19:43:23.718,55-65,46-55,Lettuce,Italian,Gain Weight,Vegan,WO,Female,average hunger,highly active,4,35,4,590,$$$,rice,1,5,Salmon Sushi roll
244,rand12587,2020-12-16T19:44:04.396,66-75,76+,Chicken,Italian,Maintain Weight,Meat,WO,Female,very hungry,average activity,5,60,4,645,$$,pasta,2,3,Lasagna
245,rand15985,2020-12-16T19:45:10.778,66-75,46-55,Potatoes,Asian,Lose Weight,Meat,MBO,Female,very hungry,little activity,5,15,2,760,$$,rice,2,1,Rice noodles with meatballs and bok choy
246,rand12308,2020-12-16T19:45:38.002,66-75,46-55,Chicken,Asian,Maintain Weight,Meat,Primary School,Male,average hunger,average activity,3,20,2,720,$,vegetarian,1,2,Pasta Salad
247,rand19097,2020-12-16T19:46:11.817,66-75,26-35,Noodles,Asian,Maintain Weight,Vegan,High School,Female,very hungry,average activity,4,30,1,810,$,potato,1,1,Baked potato with bacon
248,rand18704,2020-12-16T19:46:33.925,116+,36-45,No preference,No preference,Lose Weight,Vegan,High School,Male,little hunger,little activity,2,40,3,640,$,vegetarian,1,5,Fennel and Thyme Pork Roast with Root Vegetables
249,rand18704,2020-12-16T19:46:41.187,116+,36-45,Chicken,Asian,Lose Weight,Vegan,High School,Male,little hunger,little activity,2,40,3,640,$,vegetarian,1,5,Fennel and Thyme Pork Roast with Root Vegetables
250,rand18704,2020-12-16T19:46:53.241,116+,36-45,Chicken,Asian,Lose Weight,Vegan,High School,Male,little hunger,little activity,2,5,2,670,$,vegetarian,1,5,Greek salad
251,rand18704,2020-12-16T19:46:58.401,116+,36-45,Chicken,Asian,Lose Weight,Vegan,High School,Male,little hunger,little activity,2,5,2,670,$,vegetarian,1,3,Greek salad
252,rand18704,2020-12-16T19:47:09.106,86-95,36-45,Chicken,Asian,Lose Weight,Vegan,MBO,Male,little hunger,little activity,3,5,2,670,$,vegetarian,1,3,Greek salad
253,rand18704,2020-12-16T19:47:13.490,86-95,36-45,Chicken,Asian,Lose Weight,Vegan,MBO,Male,average hunger,little activity,3,45,2,830,$$,meat,1,3,Porkchop with mashed potato and gravy
254,rand18704,2020-12-16T19:47:18.641,86-95,36-45,Chicken,Asian,Lose Weight,Vegan,MBO,Male,average hunger,little activity,3,45,2,830,$$,meat,1,4,Porkchop with mashed potato and gravy
255,rand10936,2020-12-16T19:47:49.122,86-95,26-35,Chicken,Italian,Gain Weight,Vegan,MBO,Male,average hunger,highly active,5,25,2,680,$$,meat,1,5,Honey Lime Chicken
256,rand19685,2020-12-16T19:48:35.542,55-65,36-45,Potatoes,Asian,Gain Weight,Vegetarian,WO,Male,very hungry,highly active,5,40,1,730,$$,potato,1,4,One Pot Chicken & Potatoes
257,rand10316,2020-12-16T19:49:03.163,76-85,36-45,Noodles,Asian,Gain Weight,Vegetarian,HBO,Male,very hungry,highly active,3,30,1,810,$,potato,1,3,Baked potato with bacon
258,rand10316,2020-12-16T19:49:21.419,86-95,26-35,Noodles,Asian,Gain Weight,Meat,High School,Male,very hungry,highly active,3,30,1,810,$,potato,1,3,Baked potato with bacon
259,rand10316,2020-12-16T19:49:27.469,86-95,26-35,Lettuce,Italian,Gain Weight,Meat,High School,Male,little hunger,highly active,3,30,1,810,$,potato,1,3,Baked potato with bacon
260,rand10316,2020-12-16T19:49:38.028,86-95,26-35,Lettuce,Italian,Gain Weight,Meat,High School,Male,very hungry,highly active,3,25,2,720,$,pasta,1,3,Ravioli with Snap Peas
261,rand10316,2020-12-16T19:49:43.233,86-95,26-35,Lettuce,Italian,Gain Weight,Meat,High School,Male,very hungry,highly active,3,25,2,720,$,pasta,1,5,Ravioli with Snap Peas
262,rand16641,2020-12-16T19:50:08.153,55-65,26-35,Potatoes,Italian,Maintain Weight,Meat,MBO,Male,very hungry,average activity,4,25,1,460,$,vegetarian,1,5,Lentil Soup
263,rand18865,2020-12-16T19:50:33.581,76-85,56-65,Chicken,Italian,Gain Weight,Meat,MBO,Male,average hunger,highly active,4,90,5,680,$$$,meat,3,4,Jamaican Jerk Chicken
264,rand4787,2020-12-16T19:51:05.885,76-85,26-35,Rice,Italian,Lose Weight,Meat,MBO,Female,average hunger,little activity,5,25,4,360,$,vegetarian,1,5,Italian Fagoli Vegetable Soup
265,rand19863,2020-12-16T19:51:33.921,55-65,36-45,Potatoes,Italian,Maintain Weight,Vegetarian,MBO,Female,very hungry,average activity,5,25,2,800,$,meat,3,4,Beef burritos
266,rand15371,2020-12-16T19:52:09.849,55-65,36-45,Chicken,Italian,Gain Weight,Vegetarian,MBO,Female,average hunger,highly active,5,45,3,710,$$,rice,3,2,Thai Chicken
267,rand1325,2020-12-16T19:52:37.114,55-65,66-75,Lettuce,Italian,Gain Weight,Vegetarian,MBO,Female,little hunger,highly active,5,5,2,670,$,vegetarian,1,4,Greek salad
268,rand1325,2020-12-16T19:52:46.873,55-65,46-55,Lettuce,Italian,Gain Weight,Meat,MBO,Female,little hunger,highly active,5,5,2,670,$,vegetarian,1,4,Greek salad
269,rand1325,2020-12-16T19:52:49.723,55-65,46-55,Chicken,Italian,Gain Weight,Meat,MBO,Female,average hunger,highly active,5,5,2,670,$,vegetarian,1,4,Greek salad
270,rand1325,2020-12-16T19:52:54.282,55-65,46-55,Chicken,Italian,Gain Weight,Meat,MBO,Female,average hunger,highly active,5,5,1,640,$$,meat,1,4,Chicken Ceasar salad
271,rand1325,2020-12-16T19:52:59.483,55-65,46-55,Chicken,Italian,Gain Weight,Meat,MBO,Female,average hunger,highly active,5,5,1,640,$$,meat,1,5,Chicken Ceasar salad
272,rand2717,2020-12-16T19:53:17.061,76-85,46-55,Rice,Dutch,Gain Weight,Meat,MBO,Female,average hunger,highly active,5,30,2,820,$,rice,1,5,Fried Rice
273,rand6760,2020-12-16T19:53:42.510,86-95,46-55,Chicken,Asian,Lose Weight,Meat,MBO,Female,average hunger,little activity,5,30,2,790,$,meat,1,3,Homemade Chicken nuggets
274,rand6760,2020-12-16T19:53:53.263,66-75,46-55,Chicken,Asian,Lose Weight,Meat,High School,Female,average hunger,little activity,4,30,2,790,$,meat,1,3,Homemade Chicken nuggets
275,rand6760,2020-12-16T19:53:58.061,66-75,46-55,Noodles,Asian,Lose Weight,Meat,High School,Female,very hungry,little activity,4,30,2,790,$,meat,1,3,Homemade Chicken nuggets
276,rand6760,2020-12-16T19:54:02.864,66-75,46-55,Noodles,Asian,Lose Weight,Meat,High School,Female,very hungry,little activity,4,50,4,560,$,potato,1,3,Potato Apple Roast
277,rand6760,2020-12-16T19:54:07.374,66-75,46-55,Noodles,Asian,Lose Weight,Meat,High School,Female,very hungry,little activity,4,50,4,560,$,potato,1,4,Potato Apple Roast
278,rand6760,2020-12-16T19:54:22.183,66-75,46-55,Noodles,Asian,Lose Weight,Meat,High School,Female,little hunger,little activity,4,40,1,640,$$,vegetarian,1,4,Chickpea Broccoli Pesto
279,rand6760,2020-12-16T19:54:26.531,66-75,46-55,Noodles,Asian,Lose Weight,Meat,High School,Female,little hunger,little activity,4,40,1,640,$$,vegetarian,1,3,Chickpea Broccoli Pesto
280,rand11776,2020-12-16T19:54:53.405,66-75,26-35,Potatoes,Asian,Lose Weight,Meat,Primary School,Female,very hungry,little activity,4,60,3,620,$,vegetarian,1,4,Lentil Curry
281,rand11776,2020-12-16T19:55:02.362,66-75,26-35,Potatoes,Asian,Lose Weight,Meat,Primary School,Female,very hungry,little activity,4,30,2,790,$,meat,1,4,Homemade Chicken nuggets
282,rand11776,2020-12-16T19:55:17.270,55-65,26-35,Potatoes,Asian,Maintain Weight,Meat,HBO,Female,very hungry,average activity,2,30,2,790,$,meat,1,4,Homemade Chicken nuggets
283,rand11776,2020-12-16T19:55:23.425,55-65,26-35,Chicken,Asian,Maintain Weight,Meat,HBO,Female,average hunger,average activity,2,30,2,790,$,meat,1,4,Homemade Chicken nuggets
284,rand11776,2020-12-16T19:55:24.234,55-65,26-35,Chicken,Asian,Maintain Weight,Meat,HBO,Female,average hunger,average activity,2,25,2,680,$$,meat,1,4,Honey Lime Chicken
285,rand12977,2020-12-16T19:55:36.808,55-65,26-35,Chicken,Asian,Maintain Weight,Meat,HBO,Female,average hunger,average activity,2,15,3,700,$$,meat,3,3,Asian chicken green bean noodles
286,rand2168,2020-12-16T19:55:59.374,66-75,26-35,Lettuce,Dutch,Maintain Weight,Meat,HBO,Female,very hungry,average activity,2,100,5,930,$$$,potato,1,4,Shepherds Pie
287,rand14034,2020-12-16T19:56:23.051,66-75,36-45,Chicken,Dutch,Maintain Weight,Vegetarian,HBO,Female,average hunger,average activity,2,5,1,640,$$,meat,1,3,Chicken Ceasar salad
288,rand2494,2020-12-16T19:56:54.676,66-75,46-55,Lettuce,Dutch,Maintain Weight,Vegetarian,WO,Female,very hungry,average activity,3,100,5,930,$$$,potato,1,2,Shepherds Pie
289,rand10577,2020-12-16T19:57:21.541,66-75,46-55,Potatoes,Dutch,Maintain Weight,Vegetarian,WO,Female,very hungry,average activity,1,20,1,730,$$$,pasta,1,1,Pasta with salmon and dill
290,rand3605,2020-12-16T19:57:47.571,66-75,26-35,Lettuce,Dutch,No preference,Vegetarian,WO,Female,little hunger,average activity,1,20,1,580,$,vegetarian,1,4,"White beans, tomatoes, and spinach"
291,rand1722,2020-12-16T19:58:18.633,66-75,26-35,Chicken,Dutch,Gain Weight,Meat,WO,Male,average hunger,highly active,1,25,2,800,$,meat,3,1,Beef burritos
292,rand3704,2020-12-16T19:58:39.597,66-75,36-45,Chicken,Dutch,Gain Weight,Meat,WO,Male,average hunger,highly active,1,20,2,680,$$,meat,2,2,Buttery herb chicken
293,rand6509,2020-12-16T19:59:02.463,66-75,18-25,Potatoes,Asian,Gain Weight,Meat,High School,Male,very hungry,highly active,1,60,4,640,$$$,rice,2,5,Asian Shredded Beef
294,rand8341,2020-12-16T19:59:30.573,66-75,18-25,Lettuce,Asian,Gain Weight,Meat,HBO,Male,little hunger,highly active,3,25,1,680,$$,potato,1,3,Baked Cheddag Eggs & Potatoes
295,rand19008,2020-12-16T20:00:01.905,66-75,36-45,Chicken,Asian,Gain Weight,Meat,WO,Male,average hunger,highly active,5,30,1,600,$$,meat,2,5,Best Baked Chicken Legs
296,rand15099,2020-12-16T20:01:18.030,66-75,36-45,Potatoes,Asian,Gain Weight,Meat,WO,Male,little hunger,highly active,3,20,2,810,$,vegetarian,1,5,Hearty Pancakes
297,rand12656,2020-12-16T20:01:40.147,66-75,18-25,Chicken,Asian,Gain Weight,Meat,High School,Male,average hunger,highly active,1,30,2,790,$,meat,1,4,Homemade Chicken nuggets
298,rand15661,2020-12-16T20:02:01.214,66-75,66-75,Chicken,Italian,Gain Weight,Meat,High School,Male,average hunger,highly active,5,45,2,740,$,potato,3,5,Potato Curry
299,rand15661,2020-12-16T20:02:06.995,66-75,66-75,Chicken,Italian,Gain Weight,Meat,High School,Male,average hunger,highly active,5,20,1,580,$,vegetarian,1,5,"White beans, tomatoes, and spinach"
300,rand7634,2020-12-16T20:02:35.163,66-75,46-55,Chicken,Italian,Gain Weight,Meat,High School,Male,average hunger,highly active,3,60,3,590,$$$,meat,1,4,Soy Mustard Salmon
301,rand19451,2020-12-16T20:03:06.531,66-75,56-65,Lettuce,Italian,Gain Weight,Meat,MBO,Male,little hunger,highly active,4,25,4,360,$,vegetarian,1,5,Italian Fagoli Vegetable Soup
302,rand18563,2020-12-16T20:03:39.941,86-95,56-65,Chicken,Italian,Maintain Weight,Meat,High School,Male,average hunger,average activity,1,5,1,640,$$,meat,1,5,Chicken Ceasar salad
303,rand18563,2020-12-16T20:03:47.899,86-95,18-25,Chicken,Italian,Maintain Weight,Meat,High School,Male,average hunger,average activity,1,5,1,640,$$,meat,1,5,Chicken Ceasar salad
304,rand18563,2020-12-16T20:03:51.455,86-95,18-25,Potatoes,Italian,Maintain Weight,Meat,High School,Male,average hunger,average activity,1,5,1,640,$$,meat,1,5,Chicken Ceasar salad
305,rand18563,2020-12-16T20:03:54.967,86-95,18-25,Potatoes,Italian,Maintain Weight,Meat,High School,Male,very hungry,average activity,1,5,2,670,$,vegetarian,1,5,Greek salad
306,rand15871,2020-12-16T20:04:26.784,86-95,26-35,Lettuce,Italian,Maintain Weight,Meat,HBO,Male,little hunger,average activity,3,10,2,590,$$,vegetarian,1,5,Cherry tomato avocado salad
307,rand15871,2020-12-16T20:04:39.988,86-95,36-45,Lettuce,Italian,Maintain Weight,Meat,MBO,Male,little hunger,average activity,4,10,2,590,$$,vegetarian,1,5,Cherry tomato avocado salad
308,rand15871,2020-12-16T20:04:42.934,86-95,36-45,Lettuce,Italian,Maintain Weight,Meat,MBO,Male,little hunger,average activity,4,10,2,590,$$,vegetarian,1,5,Cherry tomato avocado salad
309,rand15871,2020-12-16T20:04:48.750,86-95,36-45,Lettuce,Italian,Maintain Weight,Meat,MBO,Male,average hunger,average activity,4,35,4,590,$$$,rice,1,5,Salmon Sushi roll
310,rand15871,2020-12-16T20:04:53.145,86-95,36-45,Lettuce,Italian,Maintain Weight,Meat,MBO,Male,average hunger,average activity,4,35,4,590,$$$,rice,1,3,Salmon Sushi roll
311,rand3417,2020-12-16T20:05:16.322,86-95,18-25,Potatoes,Italian,Maintain Weight,Meat,Primary School,Male,very hungry,average activity,1,40,1,730,$$,potato,1,5,One Pot Chicken & Potatoes
312,rand1481,2020-12-16T20:06:19.337,86-95,26-35,Potatoes,Italian,Maintain Weight,Meat,MBO,Male,very hungry,average activity,3,45,2,740,$,potato,3,4,Potato Curry
313,rand2878,2020-12-16T20:06:41.506,86-95,26-35,Potatoes,Italian,Maintain Weight,Meat,MBO,Male,very hungry,average activity,4,40,1,730,$$,potato,1,3,One Pot Chicken & Potatoes
314,rand2878,2020-12-16T20:06:47.968,86-95,18-25,Potatoes,Italian,Maintain Weight,Meat,MBO,Male,very hungry,average activity,3,40,1,730,$$,potato,1,3,One Pot Chicken & Potatoes
315,rand2878,2020-12-16T20:06:51.364,86-95,18-25,Lettuce,Italian,Maintain Weight,Meat,MBO,Male,little hunger,average activity,3,40,1,730,$$,potato,1,3,One Pot Chicken & Potatoes
316,rand2878,2020-12-16T20:06:55.583,86-95,18-25,Lettuce,Italian,Maintain Weight,Meat,MBO,Male,little hunger,average activity,3,60,3,590,$$$,meat,1,3,Soy Mustard Salmon
317,rand2878,2020-12-16T20:06:57.380,86-95,18-25,Lettuce,Italian,Maintain Weight,Meat,MBO,Male,little hunger,average activity,3,60,3,590,$$$,meat,1,5,Soy Mustard Salmon
318,rand15585,2020-12-16T20:07:26.594,86-95,56-65,Lettuce,Asian,Maintain Weight,Meat,WO,Male,little hunger,average activity,4,40,1,640,$$,vegetarian,1,2,Chickpea Broccoli Pesto
319,rand16265,2020-12-16T20:08:13.909,96-105,56-65,Chicken,Asian,Lose Weight,Meat,WO,Male,average hunger,little activity,2,20,2,680,$$,meat,2,4,Buttery herb chicken
320,rand15302,2020-12-16T20:08:38.614,96-105,56-65,Chicken,Asian,Lose Weight,Meat,MBO,Male,average hunger,little activity,3,45,3,710,$$,rice,3,5,Thai Chicken
321,rand17278,2020-12-16T20:09:02.093,86-95,26-35,Noodles,Asian,Lose Weight,Meat,MBO,Male,very hungry,little activity,3,40,1,640,$$,vegetarian,1,3,Chickpea Broccoli Pesto
322,rand5970,2020-12-16T20:09:28.424,96-105,26-35,Noodles,Asian,Lose Weight,Meat,Primary School,Male,very hungry,little activity,2,15,3,700,$$,meat,3,5,Asian chicken green bean noodles
323,rand15407,2020-12-16T20:09:51.341,96-105,26-35,Potatoes,Asian,Lose Weight,Meat,Primary School,Male,very hungry,little activity,4,60,3,620,$,vegetarian,1,4,Lentil Curry
324,rand3677,2020-12-16T20:15:37.074,96-105,36-45,Potatoes,Asian,Lose Weight,Meat,Primary School,Male,very hungry,little activity,3,25,1,460,$,vegetarian,1,3,Lentil Soup
325,rand19441,2020-12-16T20:16:12.678,96-105,46-55,Noodles,Asian,Lose Weight,Meat,High School,Male,very hungry,little activity,4,20,1,680,$,vegetarian,1,3,Pesto tomato penne
326,rand2842,2020-12-16T20:16:53.434,106-115,46-55,Potatoes,Italian,Lose Weight,Meat,Primary School,Male,very hungry,little activity,2,30,1,600,$$,meat,2,5,Best Baked Chicken Legs
327,rand2842,2020-12-16T20:17:08.692,106-115,46-55,Potatoes,Italian,Lose Weight,Meat,Primary School,Male,average hunger,little activity,4,30,1,600,$$,meat,2,5,Best Baked Chicken Legs
328,rand2842,2020-12-16T20:17:11.585,106-115,46-55,Potatoes,Asian,Lose Weight,Meat,Primary School,Male,average hunger,little activity,4,30,1,600,$$,meat,2,5,Best Baked Chicken Legs
329,rand2842,2020-12-16T20:17:17.844,106-115,46-55,Potatoes,Asian,Lose Weight,Meat,Primary School,Male,little hunger,little activity,4,35,4,540,$$,vegetarian,1,5,Balsamic Dijon Root Vegetables
330,rand2842,2020-12-16T20:17:19.496,106-115,46-55,Potatoes,Asian,Lose Weight,Meat,Primary School,Male,little hunger,little activity,4,35,4,540,$$,vegetarian,1,2,Balsamic Dijon Root Vegetables
331,rand3657,2020-12-16T20:17:47.651,106-115,56-65,Chicken,Asian,Lose Weight,Meat,WO,Male,average hunger,little activity,4,5,1,640,$$,meat,1,5,Chicken Ceasar salad
332,rand17313,2020-12-16T20:18:19.066,106-115,56-65,Rice,Dutch,Lose Weight,Meat,MBO,Male,average hunger,little activity,2,30,2,820,$,rice,1,4,Fried Rice
333,rand10749,2020-12-16T20:18:42.368,96-105,36-45,Potatoes,Dutch,Lose Weight,Meat,MBO,Male,very hungry,little activity,4,15,2,540,$$,meat,1,5,Tostadas
334,rand10749,2020-12-16T20:18:51.559,96-105,36-45,Chicken,Dutch,Lose Weight,Meat,MBO,Male,average hunger,little activity,4,15,2,540,$$,meat,1,5,Tostadas
335,rand10749,2020-12-16T20:18:54.258,96-105,36-45,Chicken,Dutch,Lose Weight,Meat,MBO,Male,very hungry,little activity,4,60,4,645,$$,pasta,2,5,Lasagna
336,rand10749,2020-12-16T20:18:58.660,96-105,36-45,Chicken,Dutch,Lose Weight,Meat,MBO,Male,very hungry,little activity,4,60,4,645,$$,pasta,2,4,Lasagna
337,rand10749,2020-12-16T20:19:14.765,86-95,36-45,Chicken,Dutch,Lose Weight,Meat,MBO,Male,very hungry,little activity,3,60,4,645,$$,pasta,2,4,Lasagna
338,rand10749,2020-12-16T20:19:17.860,86-95,36-45,Chicken,Asian,Lose Weight,Meat,MBO,Male,average hunger,little activity,3,60,4,645,$$,pasta,2,4,Lasagna
339,rand10749,2020-12-16T20:19:22.412,86-95,36-45,Rice,Asian,Lose Weight,Meat,MBO,Male,average hunger,little activity,3,30,2,820,$,rice,1,4,Fried Rice
340,rand10749,2020-12-16T20:19:24.913,86-95,36-45,Chicken,Asian,Lose Weight,Meat,MBO,Male,average hunger,little activity,3,30,2,820,$,rice,1,5,Fried Rice
341,rand4518,2020-12-16T20:19:52.362,86-95,26-35,Chicken,Asian,Lose Weight,Meat,High School,Male,average hunger,little activity,5,60,3,620,$,vegetarian,1,5,Lentil Curry
342,rand7901,2020-12-16T20:20:41.431,86-95,26-35,Potatoes,Asian,No preference,Meat,High School,Male,very hungry,average activity,5,45,2,740,$,potato,3,5,Potato Curry
343,rand8765,2020-12-16T20:21:13.328,66-75,26-35,Potatoes,Asian,No preference,Meat,MBO,Male,very hungry,average activity,3,45,3,710,$$,rice,3,5,Thai Chicken
344,rand8765,2020-12-16T20:21:27.235,66-75,26-35,Potatoes,Asian,No preference,Meat,High School,Male,very hungry,average activity,4,45,3,710,$$,rice,3,5,Thai Chicken
345,rand8765,2020-12-16T20:21:31.177,66-75,26-35,Chicken,Asian,No preference,Meat,High School,Male,average hunger,average activity,4,45,3,710,$$,rice,3,5,Thai Chicken
346,rand8765,2020-12-16T20:21:41.386,66-75,26-35,Chicken,Asian,No preference,Meat,High School,Male,average hunger,average activity,4,45,2,830,$$,meat,1,5,Porkchop with mashed potato and gravy
347,rand8765,2020-12-16T20:21:47.526,66-75,26-35,Chicken,Asian,No preference,Meat,High School,Male,average hunger,average activity,4,45,2,830,$$,meat,1,4,Porkchop with mashed potato and gravy
348,rand7912,2020-12-16T20:22:09.485,66-75,36-45,Chicken,Indian,No preference,Meat,HBO,Male,average hunger,average activity,4,45,3,710,$$,rice,3,2,Thai Chicken
349,rand7912,2020-12-16T20:22:19.150,66-75,36-45,Chicken,Indian,No preference,Meat,MBO,Male,average hunger,average activity,5,45,3,710,$$,rice,3,2,Thai Chicken
350,rand7912,2020-12-16T20:22:29.742,66-75,36-45,Chicken,Indian,No preference,Meat,MBO,Male,average hunger,average activity,5,90,5,680,$$$,meat,3,2,Jamaican Jerk Chicken
351,rand7912,2020-12-16T20:22:33.788,66-75,36-45,Chicken,Indian,No preference,Meat,MBO,Male,average hunger,average activity,5,90,5,680,$$$,meat,3,1,Jamaican Jerk Chicken
352,rand14954,2020-12-16T20:23:12.456,66-75,26-35,Chicken,Italian,No preference,Meat,High School,Male,average hunger,average activity,2,25,1,460,$,vegetarian,1,3,Lentil Soup
353,rand8007,2020-12-16T20:23:36.060,66-75,26-35,Chicken,Dutch,No preference,Meat,MBO,Male,average hunger,average activity,4,40,1,730,$$,potato,1,5,One Pot Chicken & Potatoes
354,rand3651,2020-12-16T20:23:54.860,66-75,26-35,Chicken,Asian,No preference,Meat,Primary School,Male,average hunger,average activity,2,25,1,460,$,vegetarian,1,1,Lentil Soup
355,rand3618,2020-12-16T20:24:17.119,66-75,56-65,Chicken,Dutch,No preference,Meat,High School,Male,little hunger,average activity,5,10,2,590,$$,vegetarian,1,1,Cherry tomato avocado salad
356,rand3618,2020-12-16T20:24:23.632,66-75,56-65,Lettuce,Dutch,No preference,Vegan,High School,Male,little hunger,average activity,5,10,2,590,$$,vegetarian,1,1,Cherry tomato avocado salad
357,rand3618,2020-12-16T20:24:26.970,66-75,56-65,Potatoes,Dutch,No preference,Vegan,High School,Male,very hungry,average activity,5,10,2,590,$$,vegetarian,1,1,Cherry tomato avocado salad
358,rand3618,2020-12-16T20:24:36.629,66-75,56-65,Potatoes,Dutch,No preference,Vegan,High School,Male,very hungry,average activity,5,35,4,590,$$$,rice,1,1,Salmon Sushi roll
359,rand17417,2020-12-16T20:25:12.783,66-75,56-65,Potatoes,Dutch,No preference,Vegan,MBO,Male,very hungry,average activity,5,30,2,660,$$,rice,2,3,Stuffed Bell pepper
360,rand14905,2020-12-16T20:25:30.900,66-75,36-45,Lettuce,Dutch,No preference,Vegan,MBO,Male,little hunger,average activity,3,5,2,670,$,vegetarian,1,5,Greek salad
361,rand11561,2020-12-16T20:25:55.749,66-75,36-45,Lettuce,Dutch,No preference,Vegan,MBO,Male,very hungry,average activity,5,30,5,710,$$$,pasta,2,4,Pasta Puttanesca
362,rand11561,2020-12-16T20:26:08.504,66-75,26-35,Lettuce,Dutch,No preference,Vegan,MBO,Male,very hungry,average activity,3,30,5,710,$$$,pasta,2,4,Pasta Puttanesca
363,rand11561,2020-12-16T20:26:15.008,66-75,26-35,Lettuce,Asian,No preference,Vegan,MBO,Male,little hunger,average activity,3,30,5,710,$$$,pasta,2,4,Pasta Puttanesca
364,rand11561,2020-12-16T20:26:21.715,66-75,26-35,Lettuce,Asian,No preference,Vegan,MBO,Male,little hunger,average activity,3,25,1,460,$,vegetarian,1,4,Lentil Soup
365,rand11561,2020-12-16T20:26:27.968,66-75,26-35,Lettuce,Asian,No preference,Vegan,MBO,Male,little hunger,average activity,3,25,1,460,$,vegetarian,1,1,Lentil Soup
366,rand11561,2020-12-16T20:26:38.575,66-75,26-35,Lettuce,Asian,No preference,Vegan,High School,Male,little hunger,average activity,2,25,1,460,$,vegetarian,1,1,Lentil Soup
367,rand11561,2020-12-16T20:26:42.077,66-75,26-35,Lettuce,Italian,No preference,Vegan,High School,Male,little hunger,average activity,2,25,1,460,$,vegetarian,1,1,Lentil Soup
368,rand11561,2020-12-16T20:26:48.133,66-75,26-35,Lettuce,Italian,No preference,Vegan,High School,Male,very hungry,average activity,2,30,3,820,$,pasta,1,1,Pasta Carbonara
369,rand11561,2020-12-16T20:26:50.929,66-75,26-35,Lettuce,Italian,No preference,Vegan,High School,Male,very hungry,average activity,2,30,3,820,$,pasta,1,2,Pasta Carbonara
370,rand8860,2020-12-16T20:27:28.584,66-75,26-35,Noodles,Italian,No preference,Vegan,MBO,Male,very hungry,average activity,4,45,3,620,$$,meat,3,1,Paprika Pork with Roasted Potatoes and Dill Cream
371,rand19840,2020-12-16T20:28:21.351,66-75,36-45,Noodles,Italian,No preference,Vegetarian,HBO,Male,very hungry,average activity,4,20,2,720,$,vegetarian,1,5,Pasta Salad
372,rand8237,2020-12-16T20:28:42.961,66-75,36-45,Potatoes,Italian,No preference,Vegetarian,MBO,Male,very hungry,average activity,2,25,2,590,$,pasta,1,5,Spaghetti
373,rand5418,2020-12-16T20:29:06.966,66-75,26-35,Potatoes,Asian,No preference,Vegetarian,High School,Male,very hungry,average activity,4,60,3,620,$,vegetarian,1,2,Lentil Curry
374,rand5418,2020-12-16T20:29:16.022,76-85,26-35,Potatoes,Asian,No preference,Vegetarian,High School,Male,very hungry,average activity,4,60,3,620,$,vegetarian,1,2,Lentil Curry
375,rand5418,2020-12-16T20:29:19.563,76-85,26-35,Potatoes,Dutch,No preference,Vegetarian,High School,Male,very hungry,average activity,4,60,3,620,$,vegetarian,1,2,Lentil Curry
376,rand5418,2020-12-16T20:29:24.165,76-85,26-35,Potatoes,Dutch,No preference,Vegetarian,High School,Male,very hungry,average activity,4,45,2,740,$,potato,3,2,Potato Curry
377,rand5418,2020-12-16T20:29:31.422,76-85,26-35,Potatoes,Dutch,No preference,Vegetarian,High School,Male,very hungry,average activity,4,45,2,740,$,potato,3,4,Potato Curry
378,rand13783,2020-12-16T20:31:06.488,76-85,36-45,Rice,Dutch,No preference,Vegetarian,HBO,Male,average hunger,average activity,2,25,1,460,$,vegetarian,1,3,Lentil Soup
379,rand13783,2020-12-16T20:31:35.639,76-85,46-55,Rice,Dutch,No preference,Vegetarian,HBO,Male,average hunger,average activity,4,25,1,460,$,vegetarian,1,3,Lentil Soup
380,rand13783,2020-12-16T20:31:39.442,76-85,46-55,Rice,Asian,No preference,Vegetarian,HBO,Male,average hunger,average activity,4,25,1,460,$,vegetarian,1,3,Lentil Soup
381,rand13783,2020-12-16T20:31:46.500,76-85,46-55,Rice,Asian,No preference,Vegetarian,HBO,Male,average hunger,average activity,4,30,1,810,$,potato,1,3,Baked potato with bacon
382,rand13783,2020-12-16T20:31:56.145,76-85,56-65,Rice,Asian,No preference,Vegetarian,HBO,Male,average hunger,average activity,3,30,1,810,$,potato,1,3,Baked potato with bacon
383,rand13783,2020-12-16T20:32:06.101,76-85,56-65,Rice,Asian,No preference,Vegetarian,HBO,Male,little hunger,average activity,3,25,4,360,$,vegetarian,1,3,Italian Fagoli Vegetable Soup
384,rand13783,2020-12-16T20:32:08.296,76-85,56-65,Rice,Asian,No preference,Vegetarian,HBO,Male,little hunger,average activity,3,25,4,360,$,vegetarian,1,4,Italian Fagoli Vegetable Soup
385,rand13783,2020-12-16T20:32:26.254,66-75,26-35,Rice,Asian,No preference,Vegetarian,High School,Male,little hunger,average activity,2,25,4,360,$,vegetarian,1,4,Italian Fagoli Vegetable Soup
386,rand13783,2020-12-16T20:32:32.145,66-75,26-35,Rice,Asian,No preference,Vegetarian,High School,Male,average hunger,average activity,2,5,1,640,$$,meat,1,4,Chicken Ceasar salad
387,rand13783,2020-12-16T20:32:43.193,66-75,26-35,Rice,Asian,No preference,No preference,High School,Male,average hunger,average activity,2,5,1,640,$$,meat,1,4,Chicken Ceasar salad
388,rand13783,2020-12-16T20:32:49.500,66-75,26-35,Rice,Asian,No preference,No preference,High School,Male,very hungry,average activity,2,50,4,560,$,potato,1,4,Potato Apple Roast
389,rand13783,2020-12-16T20:32:51.656,66-75,26-35,Rice,Asian,No preference,No preference,High School,Male,very hungry,average activity,2,50,4,560,$,potato,1,3,Potato Apple Roast
390,rand13783,2020-12-16T20:33:03.658,66-75,26-35,Rice,Asian,No preference,No preference,WO,Male,very hungry,average activity,5,50,4,560,$,potato,1,3,Potato Apple Roast
391,rand13783,2020-12-16T20:33:10.299,66-75,26-35,Chicken,Asian,No preference,No preference,WO,Male,very hungry,average activity,5,50,4,560,$,potato,1,3,Potato Apple Roast
392,rand13783,2020-12-16T20:33:15.304,66-75,26-35,Chicken,Asian,No preference,No preference,WO,Male,average hunger,average activity,5,15,3,700,$$,meat,3,3,Asian chicken green bean noodles
393,rand13783,2020-12-16T20:33:21.012,66-75,26-35,Chicken,Asian,No preference,No preference,WO,Male,average hunger,average activity,5,15,3,700,$$,meat,3,5,Asian chicken green bean noodles
394,rand5387,2020-12-16T20:33:47.212,66-75,46-55,Chicken,Asian,No preference,No preference,WO,Male,average hunger,average activity,5,15,3,700,$$,meat,3,5,Asian chicken green bean noodles
395,rand3389,2020-12-16T20:34:12.760,66-75,46-55,Chicken,Dutch,No preference,No preference,HBO,Male,average hunger,average activity,4,90,5,680,$$$,meat,3,4,Jamaican Jerk Chicken
396,rand10493,2020-12-16T20:34:43.569,66-75,56-65,Chicken,Dutch,No preference,No preference,Primary School,Male,average hunger,average activity,2,25,3,690,$$,meat,1,3,Quick Pork Ragu with Ravioli
397,rand10493,2020-12-16T20:34:59.921,66-75,66-75,Chicken,Dutch,No preference,No preference,WO,Male,average hunger,average activity,5,25,3,690,$$,meat,1,3,Quick Pork Ragu with Ravioli
398,rand10493,2020-12-16T20:35:04.423,66-75,66-75,Rice,Dutch,No preference,No preference,WO,Male,average hunger,average activity,5,25,3,690,$$,meat,1,3,Quick Pork Ragu with Ravioli
399,rand10493,2020-12-16T20:35:07.731,66-75,66-75,Rice,Dutch,No preference,No preference,WO,Male,average hunger,average activity,5,20,2,720,$,vegetarian,1,3,Pasta Salad
400,rand10493,2020-12-16T20:35:11.879,66-75,66-75,Rice,Dutch,No preference,No preference,WO,Male,average hunger,average activity,5,20,2,720,$,vegetarian,1,5,Pasta Salad
401,rand9451,2020-12-16T20:43:22.798,86-95,18-25,Rice,Asian,Lose Weight,Meat,WO,Male,average hunger,little activity,4,60,4,640,$$$,rice,2,3,Asian Shredded Beef
402,rand9451,2020-12-16T20:43:29.084,86-95,18-25,Rice,Asian,Lose Weight,Meat,WO,Male,average hunger,little activity,1,60,4,640,$$$,rice,2,3,Asian Shredded Beef
403,rand9451,2020-12-16T20:43:32.874,86-95,18-25,Noodles,Asian,Lose Weight,Meat,WO,Male,very hungry,little activity,1,60,4,640,$$$,rice,2,3,Asian Shredded Beef
404,rand9451,2020-12-16T20:43:41.321,86-95,18-25,Noodles,Asian,Lose Weight,Meat,WO,Male,very hungry,little activity,1,30,1,810,$,potato,1,3,Baked potato with bacon
405,rand9451,2020-12-16T20:43:47.862,86-95,18-25,Noodles,Asian,Lose Weight,Meat,WO,Male,very hungry,little activity,1,30,1,810,$,potato,1,1,Baked potato with bacon
406,rand9451,2020-12-16T20:43:59.942,86-95,18-25,Noodles,Asian,Lose Weight,No preference,WO,Male,very hungry,little activity,1,30,1,810,$,potato,1,1,Baked potato with bacon
407,rand9451,2020-12-16T20:44:05.227,86-95,18-25,Potatoes,Dutch,Lose Weight,No preference,WO,Male,very hungry,little activity,1,30,1,810,$,potato,1,1,Baked potato with bacon
408,rand9451,2020-12-16T20:44:08.963,86-95,18-25,Potatoes,Dutch,Lose Weight,No preference,WO,Male,very hungry,little activity,1,40,1,730,$$,potato,1,1,One Pot Chicken & Potatoes
409,rand9451,2020-12-16T20:44:13.256,86-95,18-25,Potatoes,Dutch,Lose Weight,No preference,WO,Male,very hungry,little activity,1,40,1,730,$$,potato,1,5,One Pot Chicken & Potatoes
410,rand9451,2020-12-16T20:44:27.205,66-75,18-25,Potatoes,Dutch,Maintain Weight,No preference,WO,Female,very hungry,average activity,2,40,1,730,$$,potato,1,5,One Pot Chicken & Potatoes
411,rand9451,2020-12-16T20:44:43.855,55-65,18-25,Potatoes,Dutch,Gain Weight,No preference,WO,Female,very hungry,highly active,1,40,1,730,$$,potato,1,5,One Pot Chicken & Potatoes
412,rand9451,2020-12-16T20:44:49.599,55-65,18-25,Chicken,No preference,Gain Weight,No preference,WO,Female,average hunger,highly active,1,40,1,730,$$,potato,1,5,One Pot Chicken & Potatoes
413,rand9451,2020-12-16T20:44:59.085,55-65,18-25,Chicken,No preference,Gain Weight,No preference,WO,Female,very hungry,highly active,1,25,2,720,$,pasta,1,5,Ravioli with Snap Peas
414,rand9451,2020-12-16T20:45:04.271,55-65,18-25,Chicken,No preference,Gain Weight,No preference,WO,Female,average hunger,highly active,1,25,2,720,$,pasta,1,1,Ravioli with Snap Peas
415,rand9451,2020-12-16T20:45:10.010,55-65,18-25,Chicken,No preference,Gain Weight,Vegetarian,WO,Female,average hunger,highly active,1,25,2,720,$,pasta,1,1,Ravioli with Snap Peas
416,rand9451,2020-12-16T20:45:14.497,55-65,18-25,Noodles,Italian,Gain Weight,Vegetarian,WO,Female,very hungry,highly active,1,25,2,720,$,pasta,1,1,Ravioli with Snap Peas
417,rand9451,2020-12-16T20:45:18.342,55-65,18-25,Noodles,Italian,Gain Weight,Vegetarian,WO,Female,very hungry,highly active,1,60,4,645,$$,pasta,2,1,Lasagna
418,rand9451,2020-12-16T20:45:19.777,55-65,18-25,Noodles,Italian,Gain Weight,Vegetarian,WO,Female,very hungry,highly active,1,60,4,645,$$,pasta,2,4,Lasagna
419,rand9451,2020-12-16T20:45:31.211,55-65,18-25,Noodles,Italian,Gain Weight,Vegetarian,WO,Female,little hunger,highly active,1,20,2,810,$,vegetarian,1,4,Hearty Pancakes
420,rand9451,2020-12-16T20:45:35.050,55-65,18-25,Noodles,Italian,Gain Weight,Vegetarian,WO,Female,little hunger,highly active,1,20,2,810,$,vegetarian,1,1,Hearty Pancakes
421,rand6767,2020-12-16T20:46:31.784,66-75,18-25,Chicken,Indian,Lose Weight,Vegetarian,HBO,Female,average hunger,little activity,2,60,5,830,$$$,meat,2,3,Pork Chops with Bok Choy and Coconut Rice
422,rand6767,2020-12-16T20:46:38.021,66-75,18-25,Chicken,Indian,Lose Weight,No preference,HBO,Female,average hunger,little activity,2,60,5,830,$$$,meat,2,3,Pork Chops with Bok Choy and Coconut Rice
423,rand6767,2020-12-16T20:46:46.291,66-75,18-25,Chicken,Indian,Lose Weight,No preference,HBO,Female,average hunger,little activity,2,30,1,600,$$,meat,2,3,Best Baked Chicken Legs
424,rand6767,2020-12-16T20:46:50.326,66-75,18-25,Chicken,Indian,Lose Weight,No preference,HBO,Female,average hunger,little activity,2,30,1,600,$$,meat,2,2,Best Baked Chicken Legs
425,rand6767,2020-12-16T20:47:19.237,66-75,18-25,Potatoes,Indian,Lose Weight,No preference,HBO,Female,very hungry,little activity,2,30,3,575,$$$,pasta,1,2,Cashew Chicken with Noodles
426,rand6767,2020-12-16T20:47:21.027,66-75,18-25,Potatoes,Indian,Lose Weight,No preference,HBO,Female,very hungry,little activity,2,30,3,575,$$$,pasta,1,5,Cashew Chicken with Noodles
427,rand6767,2020-12-16T20:47:31.313,55-65,18-25,Potatoes,Indian,Maintain Weight,No preference,HBO,Female,very hungry,average activity,2,30,3,575,$$$,pasta,1,5,Cashew Chicken with Noodles
428,rand6767,2020-12-16T20:47:37.254,55-65,18-25,Potatoes,No preference,Maintain Weight,No preference,HBO,Female,very hungry,average activity,2,30,3,575,$$$,pasta,1,5,Cashew Chicken with Noodles
429,rand6767,2020-12-16T20:47:42.188,55-65,18-25,Lettuce,No preference,Maintain Weight,No preference,HBO,Female,little hunger,average activity,2,60,3,620,$,vegetarian,1,5,Lentil Curry
430,rand6767,2020-12-16T20:47:46.967,55-65,18-25,Lettuce,No preference,Maintain Weight,No preference,HBO,Female,little hunger,average activity,2,60,3,620,$,vegetarian,1,3,Lentil Curry
431,rand6767,2020-12-16T20:47:53.663,55-65,18-25,Lettuce,No preference,Maintain Weight,No preference,HBO,Female,very hungry,average activity,2,20,1,730,$$$,pasta,1,3,Pasta with salmon and dill
432,rand6767,2020-12-16T20:47:55.746,55-65,18-25,Lettuce,No preference,Maintain Weight,No preference,HBO,Female,very hungry,average activity,2,20,1,730,$$$,pasta,1,4,Pasta with salmon and dill
433,rand6767,2020-12-16T20:48:14.332,86-95,36-45,Lettuce,No preference,Maintain Weight,Vegan,MBO,Male,very hungry,average activity,2,20,1,730,$$$,pasta,1,4,Pasta with salmon and dill
434,rand6767,2020-12-16T20:48:21.048,86-95,36-45,Rice,Dutch,Maintain Weight,Vegan,MBO,Male,average hunger,average activity,2,20,1,730,$$$,pasta,1,4,Pasta with salmon and dill
435,rand6767,2020-12-16T20:48:26.241,86-95,36-45,Rice,Dutch,Maintain Weight,Vegan,MBO,Male,average hunger,average activity,2,90,5,680,$$$,meat,3,4,Jamaican Jerk Chicken
436,rand6767,2020-12-16T20:48:28.225,86-95,36-45,Rice,Dutch,Maintain Weight,Vegan,MBO,Male,average hunger,average activity,2,90,5,680,$$$,meat,3,2,Jamaican Jerk Chicken
437,rand6767,2020-12-16T20:48:38.501,86-95,36-45,Rice,Asian,Maintain Weight,Vegan,MBO,Male,average hunger,average activity,2,90,5,680,$$$,meat,3,2,Jamaican Jerk Chicken
438,rand6767,2020-12-16T20:48:44.448,86-95,36-45,Rice,Asian,Maintain Weight,Vegan,MBO,Male,average hunger,average activity,2,30,3,575,$$$,pasta,1,2,Cashew Chicken with Noodles
439,rand6767,2020-12-16T20:48:46.482,86-95,36-45,Rice,Asian,Maintain Weight,Vegan,MBO,Male,average hunger,average activity,2,30,3,575,$$$,pasta,1,5,Cashew Chicken with Noodles
